-- Snowflake Sample Data (TPCH Schema)

-- Nation Table
CREATE TABLE nation (
    n_nationkey INTEGER PRIMARY KEY,
    n_name VARCHAR(25),
    n_regionkey INTEGER,
    n_comment VARCHAR(152)
);

INSERT INTO nation VALUES
    (0, 'ALGERIA', 0, 'haggle. carefully final deposits detect slyly agai'),
    (1, 'ARGENTINA', 1, 'al foxes promise slyly according to the regular accounts. bold requests alon'),
    (2, 'BRAZIL', 1, 'y alongside of the pending deposits. carefully special packages are about the ironic forges. slyly special'),
    (3, 'CANADA', 1, 'eas hang ironic, silent packages. slyly regular packages are furiously over the tithes. fluffily bold'),
    (4, 'EGYPT', 4, 'y above the carefully unusual theodolites. final dugouts are quickly across the furiously regular d'),
    (5, 'ETHIOPIA', 0, 'ven packages wake quickly. regu'),
    (6, 'FRANCE', 3, 'refully final requests. regular, ironi'),
    (7, 'GERMANY', 3, 'l platelets. regular accounts x-ray: unusual, regular acco'),
    (8, 'INDIA', 2, 'ss excuses cajole slyly across the packages. deposits print aroun'),
    (9, 'INDONESIA', 2, 'slyly express asymptotes. regular deposits haggle slyly. carefully ironic hockey players sleep blithely. carefull'),
    (10, 'IRAN', 4, 'efully alongside of the slyly final dependencies.'),
    (11, 'IRAQ', 4, 'nic deposits boost atop the quickly final requests? quickly regula'),
    (12, 'JAPAN', 2, 'ously. final, express gifts cajole a'),
    (13, 'JORDAN', 4, 'ic deposits are blithely about the carefully regular pa'),
    (14, 'KENYA', 0, 'pending excuses haggle furiously deposits. pending, express pinto beans wake fluffily past t'),
    (15, 'MOROCCO', 0, 'rns. blithely bold courts among the closely regular packages use furiously bold platelets?'),
    (16, 'MOZAMBIQUE', 0, 's. ironic, unusual asymptotes wake blithely r'),
    (17, 'PERU', 1, 'platelets. blithely pending dependencies use fluffily across the even pinto beans. carefully silent accoun'),
    (18, 'CHINA', 2, 'c dependencies. furiously express notornis sleep slyly regular accounts. ideas sleep. depos'),
    (19, 'ROMANIA', 3, 'ular asymptotes are about the furious multipliers. express dependencies nag above the ironically ironic account'),
    (20, 'SAUDI ARABIA', 4, 'ts. silent requests haggle. closely express packages sleep across the blithely'),
    (21, 'VIETNAM', 2, 'hely enticingly express accounts. even, final'),
    (22, 'RUSSIA', 3, 'requests against the platelets use never according to the quickly regular pint'),
    (23, 'UNITED KINGDOM', 3, 'eans boost carefully special requests. accounts are. carefull'),
    (24, 'UNITED STATES', 1, 'y final packages. slow foxes cajole quickly. quickly silent platelets breach ironic accounts. unusual pinto be');

-- Region Table
CREATE TABLE region (
    r_regionkey INTEGER PRIMARY KEY,
    r_name VARCHAR(25),
    r_comment VARCHAR(152)
);

INSERT INTO region VALUES
    (0, 'AFRICA', 'lar deposits. blithely final packages cajole. regular waters are final requests. regular accounts are according to'),
    (1, 'AMERICA', 'hs use ironic, even requests. s'),
    (2, 'ASIA', 'ges. thinly even pinto beans ca'),
    (3, 'EUROPE', 'ly final courts cajole furiously final excuse'),
    (4, 'MIDDLE EAST', 'uickly special accounts cajole carefully blithely close requests. carefully final asymptotes haggle furiousl');

-- Customer Table
CREATE TABLE customer (
    c_custkey INTEGER PRIMARY KEY,
    c_name VARCHAR(25),
    c_address VARCHAR(40),
    c_nationkey INTEGER,
    c_phone VARCHAR(15),
    c_acctbal DECIMAL(15,2),
    c_mktsegment VARCHAR(10),
    c_comment VARCHAR(117)
);

INSERT INTO customer VALUES
    (1, 'Customer#000000001', 'IVhzIApeRb ot,c,E', 15, '25-989-741-2988', 711.56, 'BUILDING', 'to the even, regular platelets. regular, ironic epitaphs nag e'),
    (2, 'Customer#000000002', 'XSTf4,NCwDVaWNe6tEgvwfmRchLXak', 13, '23-768-687-3665', 121.65, 'AUTOMOBILE', 'l accounts. blithely ironic theodolites integrate boldly: caref'),
    (3, 'Customer#000000003', 'MG9kdTD2WBHm', 1, '11-719-748-3364', 7498.12, 'AUTOMOBILE', ' deposits eat slyly ironic, even instructions. express foxes detect slyly. blithely even accounts abov'),
    (4, 'Customer#000000004', 'XxVSJsLAGtn', 4, '14-128-190-5944', 2866.83, 'MACHINERY', ' requests. final, regular ideas sleep final accou'),
    (5, 'Customer#000000005', 'KvpyuHCplrB84WgAiGV6sYpZq7Tj', 3, '13-750-942-6364', 794.47, 'HOUSEHOLD', 'n accounts will have to unwind. foxes cajole accor'),
    (6, 'Customer#000000006', 'sKZz0CsnMD7mp4Xd0YrBvx,LREYKUWAh yVn', 20, '30-114-968-4951', 7638.57, 'AUTOMOBILE', 'tions. even deposits boost according to the slyly bold packages. final accounts cajole requests. furious'),
    (7, 'Customer#000000007', 'TcGe5gaZNgVePxU5kRrvXBfkasDTea', 18, '28-190-982-9759', 9561.95, 'AUTOMOBILE', 'ainst the ironic, express theodolites. express, even pinto beans among the exp'),
    (8, 'Customer#000000008', 'I0B10bB0AymmC, 0PrRYBCP1yGJ8xcBPmWhl5', 17, '27-147-574-9335', 6819.74, 'BUILDING', 'among the slyly regular theodolites kindle blithely courts. carefully even theodolites haggle slyly along the ide'),
    (9, 'Customer#000000009', 'xKiAFTjUsCuxfeleNqefumTrjS', 8, '18-338-906-3675', 8324.07, 'FURNITURE', 'r theodolites according to the requests wake thinly excuses: pending requests haggle furiousl'),
    (10, 'Customer#000000010', '6LrEaV6KR6PLVcgl2ArL Q3rqzLzcT1 v2', 5, '15-741-346-9870', 2753.54, 'HOUSEHOLD', 'es regular deposits haggle. fur');

-- Supplier Table
CREATE TABLE supplier (
    s_suppkey INTEGER PRIMARY KEY,
    s_name VARCHAR(25),
    s_address VARCHAR(40),
    s_nationkey INTEGER,
    s_phone VARCHAR(15),
    s_acctbal DECIMAL(15,2),
    s_comment VARCHAR(101)
);

INSERT INTO supplier VALUES
    (1, 'Supplier#000000001', ' N kD4on9OM Ipw3,gf0JBoQDd7tgrzrddZ', 17, '27-918-335-1736', 5755.94, 'each slyly above the careful'),
    (2, 'Supplier#000000002', '89eJ5ksX3ImxJQBvxObC,', 5, '15-679-861-2259', 4032.68, ' slyly bold instructions. idle dependen'),
    (3, 'Supplier#000000003', 'q1,G3Pj6OjIuUYfUoH18BFTKP5aU9bEV3', 1, '11-383-516-1199', 4192.40, 'blithely silent requests after the express dependencies are sl'),
    (4, 'Supplier#000000004', 'Bk7ah4CK8SYQTepEmvMkkgMwg', 15, '25-843-787-7479', 4641.08, 'riously even requests above the exp'),
    (5, 'Supplier#000000005', 'Gcdm2rJRzl5qlTVzc', 11, '21-151-690-3663', -283.84, '. slyly regular pinto bea');

-- Part Table
CREATE TABLE part (
    p_partkey INTEGER PRIMARY KEY,
    p_name VARCHAR(55),
    p_mfgr VARCHAR(25),
    p_brand VARCHAR(10),
    p_type VARCHAR(25),
    p_size INTEGER,
    p_container VARCHAR(10),
    p_retailprice DECIMAL(15,2),
    p_comment VARCHAR(23)
);

INSERT INTO part VALUES
    (1, 'goldenrod lavender spring chocolate lace', 'Manufacturer#1', 'Brand#13', 'PROMO BURNISHED COPPER', 7, 'JUMBO PKG', 901.00, 'ly. slyly ironi'),
    (2, 'blush thistle blue yellow saddle', 'Manufacturer#1', 'Brand#13', 'LARGE BRUSHED BRASS', 1, 'LG CASE', 902.00, 'lar accounts amo'),
    (3, 'spring green yellow purple cornsilk', 'Manufacturer#4', 'Brand#42', 'STANDARD POLISHED BRASS', 21, 'WRAP CASE', 903.00, 'egular deposits hag'),
    (4, 'cornflower chocolate smoke green pink', 'Manufacturer#3', 'Brand#34', 'SMALL PLATED BRASS', 14, 'MED DRUM', 904.00, 'p furiously r'),
    (5, 'forest brown coral puff cream', 'Manufacturer#3', 'Brand#32', 'STANDARD POLISHED TIN', 15, 'SM PKG', 905.00, 'wake carefully');

-- Orders Table
CREATE TABLE orders (
    o_orderkey INTEGER PRIMARY KEY,
    o_custkey INTEGER,
    o_orderstatus VARCHAR(1),
    o_totalprice DECIMAL(15,2),
    o_orderdate DATE,
    o_orderpriority VARCHAR(15),
    o_clerk VARCHAR(15),
    o_shippriority INTEGER,
    o_comment VARCHAR(79)
);

INSERT INTO orders VALUES
    (1, 1, 'O', 173665.47, '1996-01-02', '5-LOW', 'Clerk#000000951', 0, 'nstructions sleep furiously among'),
    (2, 2, 'O', 46929.18, '1996-12-01', '1-URGENT', 'Clerk#000000880', 0, ' foxes. pending accounts at the pending, silent asymptot'),
    (3, 3, 'F', 193846.25, '1993-10-14', '5-LOW', 'Clerk#000000955', 0, 'sly final accounts boost. carefully regular ideas cajole carefully. depos'),
    (4, 4, 'O', 32151.78, '1995-10-11', '5-LOW', 'Clerk#000000124', 0, 'sits. slyly regular warthogs cajole. regular, regular theodolites acro'),
    (5, 5, 'F', 144659.20, '1994-07-30', '5-LOW', 'Clerk#000000925', 0, 'quickly. bold deposits sleep slyly. packages use slyly'),
    (6, 6, 'F', 58749.59, '1992-02-21', '4-NOT SPECIFIED', 'Clerk#000000058', 0, 'ggle. special, final requests are against the furiously specia'),
    (7, 7, 'O', 252004.18, '1996-01-10', '2-HIGH', 'Clerk#000000470', 0, 'ly special requests'),
    (32, 1, 'O', 208660.75, '1995-07-16', '2-HIGH', 'Clerk#000000616', 0, 'ise blithely bold, regular requests. quickly unusual dep'),
    (33, 10, 'F', 163243.98, '1993-10-27', '3-MEDIUM', 'Clerk#000000409', 0, 'uriously. furiously final request'),
    (34, 6, 'O', 58949.67, '1998-07-21', '3-MEDIUM', 'Clerk#000000223', 0, 'ly final packages. fluffily final deposits wake blithely ideas. spe');

-- PartSupp Table (Supplier-Part relationship)
CREATE TABLE partsupp (
    ps_partkey INTEGER,
    ps_suppkey INTEGER,
    ps_availqty INTEGER,
    ps_supplycost DECIMAL(15,2),
    ps_comment VARCHAR(199),
    PRIMARY KEY (ps_partkey, ps_suppkey)
);

INSERT INTO partsupp VALUES
    (1, 1, 3325, 771.64, 'final theodolites'),
    (1, 2, 8076, 993.49, 'ven ideas. quickly even packages print. pending multipliers must have to are fluff'),
    (2, 1, 3956, 337.09, 'after the fluffily ironic deposits? slyl'),
    (2, 2, 8895, 378.49, 'nal accounts are quickly carefully final requests. furiously even requests are quickly. fluffily ironic deposits'),
    (3, 1, 4651, 357.84, 'nal instructions wake carefully. blithely express accounts nag furiously. carefully regular instructions'),
    (3, 2, 4093, 306.39, 'blithely regular requests are. furiously even deposits wake blithely bold sentiments. regular requests haggle'),
    (4, 1, 8713, 86.99, 'requests. final accounts cajole carefully. even, express requests sleep'),
    (4, 2, 2096, 88.58, 'ously regular deposits haggle blithely carefully even theodolites. final deposits haggle blithely'),
    (5, 1, 1339, 50.52, 'carefully bold requests. ironic, bold asymptotes wake blithely regular requests. final, regular deposits'),
    (5, 2, 7735, 50.52, 'carefully bold requests. ironic, bold asymptotes wake blithely regular requests. final, regular deposits');

-- LineItem Table
CREATE TABLE lineitem (
    l_orderkey INTEGER,
    l_partkey INTEGER,
    l_suppkey INTEGER,
    l_linenumber INTEGER,
    l_quantity DECIMAL(15,2),
    l_extendedprice DECIMAL(15,2),
    l_discount DECIMAL(15,2),
    l_tax DECIMAL(15,2),
    l_returnflag VARCHAR(1),
    l_linestatus VARCHAR(1),
    l_shipdate DATE,
    l_commitdate DATE,
    l_receiptdate DATE,
    l_shipinstruct VARCHAR(25),
    l_shipmode VARCHAR(10),
    l_comment VARCHAR(44),
    PRIMARY KEY (l_orderkey, l_linenumber)
);

INSERT INTO lineitem VALUES
    (1, 1, 1, 1, 17.00, 21168.23, 0.04, 0.02, 'N', 'O', '1996-03-13', '1996-02-12', '1996-03-22', 'DELIVER IN PERSON', 'TRUCK', 'egular courts above the'),
    (1, 2, 2, 2, 36.00, 45983.16, 0.09, 0.06, 'N', 'O', '1996-04-12', '1996-02-28', '1996-04-20', 'TAKE BACK RETURN', 'MAIL', 'ly final dependencies: slyly bold'),
    (2, 3, 3, 1, 38.00, 44694.46, 0.00, 0.05, 'N', 'O', '1997-01-28', '1997-01-14', '1997-02-02', 'TAKE BACK RETURN', 'RAIL', 'ven requests. deposits breach a'),
    (3, 4, 4, 1, 45.00, 54058.05, 0.06, 0.00, 'R', 'F', '1994-02-02', '1994-01-04', '1994-02-23', 'NONE', 'AIR', 'ongside of the furiously brave acco'),
    (3, 1, 1, 2, 49.00, 46796.47, 0.10, 0.00, 'R', 'F', '1993-11-09', '1993-12-20', '1993-11-24', 'TAKE BACK RETURN', 'RAIL', ' unusual accounts. eve'),
    (4, 5, 5, 1, 30.00, 30690.90, 0.03, 0.08, 'N', 'O', '1996-01-10', '1995-12-14', '1996-01-18', 'DELIVER IN PERSON', 'REG AIR', '- quickly regular packages sleep. idly'),
    (5, 1, 1, 1, 15.00, 17554.25, 0.02, 0.04, 'R', 'F', '1994-10-31', '1994-08-31', '1994-11-20', 'NONE', 'AIR', 'ts wake furiously'),
    (5, 2, 2, 2, 26.00, 23946.04, 0.07, 0.02, 'R', 'F', '1994-10-16', '1994-09-25', '1994-10-19', 'NONE', 'FOB', 'sts use slyly quickly special instruc'),
    (5, 3, 3, 3, 50.00, 64436.00, 0.08, 0.03, 'A', 'F', '1994-08-08', '1994-10-13', '1994-08-26', 'DELIVER IN PERSON', 'AIR', 'eodolites. fluffily unusual'),
    (6, 1, 1, 1, 28.00, 28955.12, 0.05, 0.08, 'N', 'O', '1995-10-23', '1995-08-27', '1995-10-26', 'TAKE BACK RETURN', 'TRUCK', 'sleep quickly. req');

-- Display summary
SELECT 'Database setup complete!' AS status;
SELECT 'Tables created:' AS info;
SELECT table_name FROM information_schema.tables WHERE table_schema = 'main' ORDER BY table_name;
-- Additional Customer Data
INSERT INTO customer VALUES
    (11, 'Customer#000000011', 'Address11', 8, '13-592-353-1595', 8776.22, 'HOUSEHOLD', 'comment 11'),
    (12, 'Customer#000000012', 'Address12', 5, '28-137-221-3453', 284.14, 'FURNITURE', 'comment 12'),
    (13, 'Customer#000000013', 'Address13', 14, '11-318-112-3507', 6552.99, 'BUILDING', 'comment 13'),
    (14, 'Customer#000000014', 'Address14', 9, '19-418-543-8142', 1139.62, 'MACHINERY', 'comment 14'),
    (15, 'Customer#000000015', 'Address15', 3, '23-150-718-6316', 1861.5, 'MACHINERY', 'comment 15'),
    (16, 'Customer#000000016', 'Address16', 24, '18-446-517-4424', 7300.04, 'MACHINERY', 'comment 16'),
    (17, 'Customer#000000017', 'Address17', 9, '20-201-996-3812', 7140.51, 'MACHINERY', 'comment 17'),
    (18, 'Customer#000000018', 'Address18', 24, '10-727-736-9836', 7199.97, 'FURNITURE', 'comment 18'),
    (19, 'Customer#000000019', 'Address19', 3, '18-668-205-6487', -92.58, 'AUTOMOBILE', 'comment 19'),
    (20, 'Customer#000000020', 'Address20', 5, '26-296-527-2047', 6104.9, 'MACHINERY', 'comment 20'),
    (21, 'Customer#000000021', 'Address21', 20, '28-499-376-2715', 4035.04, 'AUTOMOBILE', 'comment 21'),
    (22, 'Customer#000000022', 'Address22', 7, '12-990-148-6852', 4647.88, 'BUILDING', 'comment 22'),
    (23, 'Customer#000000023', 'Address23', 1, '25-169-160-9903', 3577.53, 'BUILDING', 'comment 23'),
    (24, 'Customer#000000024', 'Address24', 7, '25-180-350-8745', 1943.52, 'HOUSEHOLD', 'comment 24'),
    (25, 'Customer#000000025', 'Address25', 10, '29-293-694-8543', -673.04, 'FURNITURE', 'comment 25'),
    (26, 'Customer#000000026', 'Address26', 3, '28-767-292-9120', 6753.09, 'FURNITURE', 'comment 26'),
    (27, 'Customer#000000027', 'Address27', 14, '12-962-964-8507', 2128.69, 'MACHINERY', 'comment 27'),
    (28, 'Customer#000000028', 'Address28', 12, '10-754-836-9909', 960.29, 'MACHINERY', 'comment 28'),
    (29, 'Customer#000000029', 'Address29', 5, '24-295-895-4140', 7606.81, 'AUTOMOBILE', 'comment 29'),
    (30, 'Customer#000000030', 'Address30', 5, '30-878-779-8708', -172.71, 'AUTOMOBILE', 'comment 30'),
    (31, 'Customer#000000031', 'Address31', 13, '21-814-855-8476', 4964.87, 'AUTOMOBILE', 'comment 31'),
    (32, 'Customer#000000032', 'Address32', 20, '15-896-795-6593', 9180.26, 'BUILDING', 'comment 32'),
    (33, 'Customer#000000033', 'Address33', 8, '20-132-496-9807', 2005.32, 'BUILDING', 'comment 33'),
    (34, 'Customer#000000034', 'Address34', 11, '22-143-909-1440', 4376.08, 'HOUSEHOLD', 'comment 34'),
    (35, 'Customer#000000035', 'Address35', 11, '23-325-312-2646', 5214.02, 'HOUSEHOLD', 'comment 35'),
    (36, 'Customer#000000036', 'Address36', 12, '24-515-644-6803', 809.93, 'FURNITURE', 'comment 36'),
    (37, 'Customer#000000037', 'Address37', 15, '22-486-394-3684', 3344.88, 'AUTOMOBILE', 'comment 37'),
    (38, 'Customer#000000038', 'Address38', 14, '11-636-244-4372', -991.85, 'HOUSEHOLD', 'comment 38'),
    (39, 'Customer#000000039', 'Address39', 2, '13-397-709-5621', 1498.89, 'AUTOMOBILE', 'comment 39'),
    (40, 'Customer#000000040', 'Address40', 3, '13-862-109-3983', 7357.3, 'BUILDING', 'comment 40'),
    (41, 'Customer#000000041', 'Address41', 15, '20-674-934-4205', 7736.72, 'MACHINERY', 'comment 41'),
    (42, 'Customer#000000042', 'Address42', 10, '16-869-177-8666', 1879.88, 'AUTOMOBILE', 'comment 42'),
    (43, 'Customer#000000043', 'Address43', 7, '10-293-226-6192', 9718.5, 'BUILDING', 'comment 43'),
    (44, 'Customer#000000044', 'Address44', 23, '17-532-734-6465', 2733.8, 'MACHINERY', 'comment 44'),
    (45, 'Customer#000000045', 'Address45', 21, '14-814-458-2097', 2813.3, 'HOUSEHOLD', 'comment 45'),
    (46, 'Customer#000000046', 'Address46', 13, '30-890-520-3700', 1157.94, 'AUTOMOBILE', 'comment 46'),
    (47, 'Customer#000000047', 'Address47', 1, '24-937-133-9596', 9186.78, 'HOUSEHOLD', 'comment 47'),
    (48, 'Customer#000000048', 'Address48', 12, '21-228-743-1667', 2123.34, 'BUILDING', 'comment 48'),
    (49, 'Customer#000000049', 'Address49', 3, '24-989-584-5422', 636.55, 'MACHINERY', 'comment 49'),
    (50, 'Customer#000000050', 'Address50', 14, '30-509-426-3094', 894.5, 'BUILDING', 'comment 50');

-- Additional Supplier Data
INSERT INTO supplier VALUES
    (6, 'Supplier#000000006', 'SupplierAddr6', 18, '25-919-271-1439', 6796.57, 'supplier comment 6'),
    (7, 'Supplier#000000007', 'SupplierAddr7', 3, '29-129-706-7223', 4626.11, 'supplier comment 7'),
    (8, 'Supplier#000000008', 'SupplierAddr8', 3, '30-558-257-6625', 3669.33, 'supplier comment 8'),
    (9, 'Supplier#000000009', 'SupplierAddr9', 19, '15-219-626-9073', 1097.5, 'supplier comment 9'),
    (10, 'Supplier#000000010', 'SupplierAddr10', 5, '19-217-910-2507', 4201.39, 'supplier comment 10'),
    (11, 'Supplier#000000011', 'SupplierAddr11', 6, '12-905-174-6443', 6879.44, 'supplier comment 11'),
    (12, 'Supplier#000000012', 'SupplierAddr12', 5, '12-186-976-5835', 7415.63, 'supplier comment 12'),
    (13, 'Supplier#000000013', 'SupplierAddr13', 2, '29-348-600-4071', 7282.71, 'supplier comment 13'),
    (14, 'Supplier#000000014', 'SupplierAddr14', 20, '21-722-613-3149', 6500.26, 'supplier comment 14'),
    (15, 'Supplier#000000015', 'SupplierAddr15', 3, '10-589-653-1797', 2435.0, 'supplier comment 15'),
    (16, 'Supplier#000000016', 'SupplierAddr16', 22, '17-725-266-2817', 1878.89, 'supplier comment 16'),
    (17, 'Supplier#000000017', 'SupplierAddr17', 20, '23-448-154-5771', 9911.58, 'supplier comment 17'),
    (18, 'Supplier#000000018', 'SupplierAddr18', 6, '29-949-661-9225', 5037.61, 'supplier comment 18'),
    (19, 'Supplier#000000019', 'SupplierAddr19', 3, '29-688-448-1233', 9745.56, 'supplier comment 19'),
    (20, 'Supplier#000000020', 'SupplierAddr20', 15, '30-605-588-2398', 3654.84, 'supplier comment 20'),
    (21, 'Supplier#000000021', 'SupplierAddr21', 20, '14-135-123-4878', -409.26, 'supplier comment 21'),
    (22, 'Supplier#000000022', 'SupplierAddr22', 11, '23-804-380-6004', 1566.0, 'supplier comment 22'),
    (23, 'Supplier#000000023', 'SupplierAddr23', 24, '29-812-174-8226', 7843.92, 'supplier comment 23'),
    (24, 'Supplier#000000024', 'SupplierAddr24', 20, '16-820-284-9558', 6005.7, 'supplier comment 24'),
    (25, 'Supplier#000000025', 'SupplierAddr25', 6, '19-909-982-1487', 6770.75, 'supplier comment 25'),
    (26, 'Supplier#000000026', 'SupplierAddr26', 13, '17-740-369-5624', -377.9, 'supplier comment 26'),
    (27, 'Supplier#000000027', 'SupplierAddr27', 8, '25-327-998-5244', 1565.49, 'supplier comment 27'),
    (28, 'Supplier#000000028', 'SupplierAddr28', 18, '19-569-663-4107', 1286.07, 'supplier comment 28'),
    (29, 'Supplier#000000029', 'SupplierAddr29', 19, '24-435-682-2951', 586.1, 'supplier comment 29'),
    (30, 'Supplier#000000030', 'SupplierAddr30', 13, '13-362-386-4170', 5815.35, 'supplier comment 30'),
    (31, 'Supplier#000000031', 'SupplierAddr31', 9, '22-309-699-8484', 4781.66, 'supplier comment 31'),
    (32, 'Supplier#000000032', 'SupplierAddr32', 22, '13-279-637-9807', 627.48, 'supplier comment 32'),
    (33, 'Supplier#000000033', 'SupplierAddr33', 19, '26-554-163-1842', 5013.35, 'supplier comment 33'),
    (34, 'Supplier#000000034', 'SupplierAddr34', 10, '26-204-302-1279', 9095.07, 'supplier comment 34'),
    (35, 'Supplier#000000035', 'SupplierAddr35', 18, '25-429-425-5845', 1718.14, 'supplier comment 35'),
    (36, 'Supplier#000000036', 'SupplierAddr36', 21, '27-396-442-6025', 0.59, 'supplier comment 36'),
    (37, 'Supplier#000000037', 'SupplierAddr37', 7, '10-251-718-4556', 6140.97, 'supplier comment 37'),
    (38, 'Supplier#000000038', 'SupplierAddr38', 21, '17-496-375-7550', 1041.09, 'supplier comment 38'),
    (39, 'Supplier#000000039', 'SupplierAddr39', 6, '18-257-190-6320', 5777.3, 'supplier comment 39'),
    (40, 'Supplier#000000040', 'SupplierAddr40', 2, '24-464-228-6814', 9815.57, 'supplier comment 40'),
    (41, 'Supplier#000000041', 'SupplierAddr41', 15, '11-920-255-4849', 1966.08, 'supplier comment 41'),
    (42, 'Supplier#000000042', 'SupplierAddr42', 14, '21-725-893-1477', 36.57, 'supplier comment 42'),
    (43, 'Supplier#000000043', 'SupplierAddr43', 24, '21-857-803-1867', 786.82, 'supplier comment 43'),
    (44, 'Supplier#000000044', 'SupplierAddr44', 17, '16-548-478-1870', 4688.67, 'supplier comment 44'),
    (45, 'Supplier#000000045', 'SupplierAddr45', 18, '28-989-455-4241', 7085.72, 'supplier comment 45'),
    (46, 'Supplier#000000046', 'SupplierAddr46', 12, '17-473-623-5216', 4872.24, 'supplier comment 46'),
    (47, 'Supplier#000000047', 'SupplierAddr47', 16, '22-572-480-4636', 9186.41, 'supplier comment 47'),
    (48, 'Supplier#000000048', 'SupplierAddr48', 10, '14-518-658-8154', 2401.0, 'supplier comment 48'),
    (49, 'Supplier#000000049', 'SupplierAddr49', 21, '23-583-167-4057', 6208.95, 'supplier comment 49'),
    (50, 'Supplier#000000050', 'SupplierAddr50', 4, '15-125-178-1180', 1640.21, 'supplier comment 50');

-- Additional Part Data
INSERT INTO part VALUES
    (6, 'part name 6', 'Manufacturer#1', 'Brand#51', 'MEDIUM BURNISHED NICKEL', 27, 'SM CASE', 1675.17, 'part comment 6'),
    (7, 'part name 7', 'Manufacturer#3', 'Brand#41', 'MEDIUM BURNISHED STEEL', 36, 'SM CASE', 1097.55, 'part comment 7'),
    (8, 'part name 8', 'Manufacturer#4', 'Brand#44', 'MEDIUM BURNISHED TIN', 37, 'SM PACK', 1810.65, 'part comment 8'),
    (9, 'part name 9', 'Manufacturer#2', 'Brand#55', 'MEDIUM BURNISHED COPPER', 7, 'LG BOX', 1038.73, 'part comment 9'),
    (10, 'part name 10', 'Manufacturer#5', 'Brand#31', 'MEDIUM BURNISHED NICKEL', 35, 'MED BAG', 909.35, 'part comment 10'),
    (11, 'part name 11', 'Manufacturer#5', 'Brand#41', 'LARGE BRUSHED TIN', 38, 'LG CASE', 1438.64, 'part comment 11'),
    (12, 'part name 12', 'Manufacturer#3', 'Brand#52', 'PROMO ANODIZED NICKEL', 12, 'MED BAG', 926.06, 'part comment 12'),
    (13, 'part name 13', 'Manufacturer#3', 'Brand#52', 'PROMO ANODIZED BRASS', 43, 'LG PACK', 1833.04, 'part comment 13'),
    (14, 'part name 14', 'Manufacturer#3', 'Brand#41', 'SMALL PLATED BRASS', 30, 'SM CASE', 1597.62, 'part comment 14'),
    (15, 'part name 15', 'Manufacturer#3', 'Brand#55', 'MEDIUM BURNISHED TIN', 24, 'SM PKG', 1791.77, 'part comment 15'),
    (16, 'part name 16', 'Manufacturer#3', 'Brand#22', 'MEDIUM BURNISHED NICKEL', 40, 'SM PKG', 1651.12, 'part comment 16'),
    (17, 'part name 17', 'Manufacturer#1', 'Brand#54', 'MEDIUM BURNISHED NICKEL', 37, 'SM PKG', 1539.7, 'part comment 17'),
    (18, 'part name 18', 'Manufacturer#4', 'Brand#11', 'SMALL PLATED BRASS', 39, 'SM BOX', 1636.81, 'part comment 18'),
    (19, 'part name 19', 'Manufacturer#4', 'Brand#23', 'SMALL PLATED BRASS', 30, 'MED BAG', 1468.88, 'part comment 19'),
    (20, 'part name 20', 'Manufacturer#5', 'Brand#55', 'SMALL PLATED NICKEL', 48, 'SM BOX', 1149.9, 'part comment 20'),
    (21, 'part name 21', 'Manufacturer#3', 'Brand#32', 'STANDARD POLISHED STEEL', 12, 'SM PACK', 1976.52, 'part comment 21'),
    (22, 'part name 22', 'Manufacturer#3', 'Brand#53', 'PROMO ANODIZED NICKEL', 9, 'SM PACK', 1031.52, 'part comment 22'),
    (23, 'part name 23', 'Manufacturer#4', 'Brand#52', 'SMALL PLATED NICKEL', 32, 'MED BOX', 1458.42, 'part comment 23'),
    (24, 'part name 24', 'Manufacturer#5', 'Brand#25', 'LARGE BRUSHED TIN', 21, 'LG PACK', 1671.32, 'part comment 24'),
    (25, 'part name 25', 'Manufacturer#5', 'Brand#54', 'STANDARD POLISHED TIN', 27, 'MED BOX', 1556.74, 'part comment 25'),
    (26, 'part name 26', 'Manufacturer#3', 'Brand#15', 'STANDARD POLISHED BRASS', 41, 'MED PKG', 1523.61, 'part comment 26'),
    (27, 'part name 27', 'Manufacturer#3', 'Brand#24', 'SMALL PLATED NICKEL', 15, 'SM PACK', 1305.14, 'part comment 27'),
    (28, 'part name 28', 'Manufacturer#5', 'Brand#44', 'LARGE BRUSHED BRASS', 42, 'SM PKG', 1880.76, 'part comment 28'),
    (29, 'part name 29', 'Manufacturer#2', 'Brand#43', 'MEDIUM BURNISHED STEEL', 30, 'MED PKG', 1087.49, 'part comment 29'),
    (30, 'part name 30', 'Manufacturer#5', 'Brand#32', 'LARGE BRUSHED BRASS', 11, 'SM PACK', 1260.01, 'part comment 30'),
    (31, 'part name 31', 'Manufacturer#3', 'Brand#21', 'SMALL PLATED TIN', 40, 'MED BAG', 1054.24, 'part comment 31'),
    (32, 'part name 32', 'Manufacturer#3', 'Brand#32', 'PROMO ANODIZED NICKEL', 4, 'SM CASE', 1542.87, 'part comment 32'),
    (33, 'part name 33', 'Manufacturer#2', 'Brand#54', 'STANDARD POLISHED COPPER', 35, 'MED BAG', 1515.82, 'part comment 33'),
    (34, 'part name 34', 'Manufacturer#1', 'Brand#31', 'STANDARD POLISHED TIN', 23, 'SM BOX', 1476.19, 'part comment 34'),
    (35, 'part name 35', 'Manufacturer#1', 'Brand#12', 'SMALL PLATED TIN', 35, 'LG CASE', 1583.3, 'part comment 35'),
    (36, 'part name 36', 'Manufacturer#2', 'Brand#43', 'PROMO ANODIZED BRASS', 16, 'SM CASE', 1845.25, 'part comment 36'),
    (37, 'part name 37', 'Manufacturer#2', 'Brand#41', 'LARGE BRUSHED COPPER', 26, 'LG BOX', 1747.79, 'part comment 37'),
    (38, 'part name 38', 'Manufacturer#4', 'Brand#12', 'PROMO ANODIZED STEEL', 27, 'SM PACK', 1798.96, 'part comment 38'),
    (39, 'part name 39', 'Manufacturer#2', 'Brand#23', 'PROMO ANODIZED BRASS', 13, 'LG BOX', 1508.83, 'part comment 39'),
    (40, 'part name 40', 'Manufacturer#5', 'Brand#22', 'PROMO ANODIZED BRASS', 27, 'SM PKG', 1402.66, 'part comment 40'),
    (41, 'part name 41', 'Manufacturer#3', 'Brand#11', 'PROMO ANODIZED TIN', 37, 'MED BAG', 1402.76, 'part comment 41'),
    (42, 'part name 42', 'Manufacturer#3', 'Brand#33', 'LARGE BRUSHED BRASS', 22, 'SM BOX', 1418.57, 'part comment 42'),
    (43, 'part name 43', 'Manufacturer#2', 'Brand#34', 'STANDARD POLISHED COPPER', 3, 'LG CASE', 1473.89, 'part comment 43'),
    (44, 'part name 44', 'Manufacturer#1', 'Brand#13', 'LARGE BRUSHED COPPER', 42, 'SM BOX', 1712.21, 'part comment 44'),
    (45, 'part name 45', 'Manufacturer#3', 'Brand#34', 'PROMO ANODIZED TIN', 13, 'MED BOX', 1140.26, 'part comment 45'),
    (46, 'part name 46', 'Manufacturer#3', 'Brand#32', 'MEDIUM BURNISHED BRASS', 2, 'LG BOX', 1328.27, 'part comment 46'),
    (47, 'part name 47', 'Manufacturer#5', 'Brand#42', 'PROMO ANODIZED STEEL', 26, 'MED PKG', 1296.69, 'part comment 47'),
    (48, 'part name 48', 'Manufacturer#1', 'Brand#44', 'STANDARD POLISHED STEEL', 20, 'SM PKG', 1113.94, 'part comment 48'),
    (49, 'part name 49', 'Manufacturer#2', 'Brand#41', 'SMALL PLATED NICKEL', 41, 'MED BAG', 1403.23, 'part comment 49'),
    (50, 'part name 50', 'Manufacturer#1', 'Brand#21', 'PROMO ANODIZED STEEL', 10, 'MED PKG', 1118.3, 'part comment 50'),
    (51, 'part name 51', 'Manufacturer#2', 'Brand#33', 'PROMO ANODIZED TIN', 40, 'SM PACK', 1506.97, 'part comment 51'),
    (52, 'part name 52', 'Manufacturer#2', 'Brand#15', 'MEDIUM BURNISHED NICKEL', 39, 'LG CASE', 941.24, 'part comment 52'),
    (53, 'part name 53', 'Manufacturer#3', 'Brand#14', 'MEDIUM BURNISHED COPPER', 21, 'MED BAG', 1754.99, 'part comment 53'),
    (54, 'part name 54', 'Manufacturer#4', 'Brand#53', 'STANDARD POLISHED TIN', 12, 'LG BOX', 1828.1, 'part comment 54'),
    (55, 'part name 55', 'Manufacturer#4', 'Brand#43', 'LARGE BRUSHED STEEL', 18, 'LG PACK', 1476.89, 'part comment 55'),
    (56, 'part name 56', 'Manufacturer#1', 'Brand#43', 'SMALL PLATED NICKEL', 43, 'LG CASE', 1493.83, 'part comment 56'),
    (57, 'part name 57', 'Manufacturer#2', 'Brand#33', 'PROMO ANODIZED TIN', 39, 'SM PKG', 1467.4, 'part comment 57'),
    (58, 'part name 58', 'Manufacturer#5', 'Brand#11', 'PROMO ANODIZED NICKEL', 27, 'SM PKG', 1775.51, 'part comment 58'),
    (59, 'part name 59', 'Manufacturer#3', 'Brand#41', 'MEDIUM BURNISHED TIN', 48, 'MED BAG', 1953.88, 'part comment 59'),
    (60, 'part name 60', 'Manufacturer#1', 'Brand#43', 'LARGE BRUSHED BRASS', 46, 'MED BOX', 1192.7, 'part comment 60'),
    (61, 'part name 61', 'Manufacturer#2', 'Brand#54', 'LARGE BRUSHED NICKEL', 23, 'SM CASE', 1130.48, 'part comment 61'),
    (62, 'part name 62', 'Manufacturer#4', 'Brand#21', 'LARGE BRUSHED BRASS', 31, 'LG CASE', 1530.29, 'part comment 62'),
    (63, 'part name 63', 'Manufacturer#3', 'Brand#21', 'PROMO ANODIZED STEEL', 40, 'MED PKG', 1484.08, 'part comment 63'),
    (64, 'part name 64', 'Manufacturer#3', 'Brand#53', 'SMALL PLATED STEEL', 31, 'MED PKG', 918.0, 'part comment 64'),
    (65, 'part name 65', 'Manufacturer#3', 'Brand#32', 'LARGE BRUSHED STEEL', 4, 'SM PACK', 1515.2, 'part comment 65'),
    (66, 'part name 66', 'Manufacturer#4', 'Brand#52', 'STANDARD POLISHED STEEL', 34, 'LG PACK', 1077.77, 'part comment 66'),
    (67, 'part name 67', 'Manufacturer#2', 'Brand#12', 'MEDIUM BURNISHED BRASS', 12, 'LG CASE', 1542.5, 'part comment 67'),
    (68, 'part name 68', 'Manufacturer#3', 'Brand#53', 'LARGE BRUSHED TIN', 7, 'MED BAG', 960.36, 'part comment 68'),
    (69, 'part name 69', 'Manufacturer#1', 'Brand#45', 'LARGE BRUSHED COPPER', 6, 'LG BOX', 1856.91, 'part comment 69'),
    (70, 'part name 70', 'Manufacturer#2', 'Brand#23', 'LARGE BRUSHED TIN', 43, 'SM BOX', 1752.55, 'part comment 70'),
    (71, 'part name 71', 'Manufacturer#1', 'Brand#54', 'LARGE BRUSHED COPPER', 43, 'LG CASE', 1983.32, 'part comment 71'),
    (72, 'part name 72', 'Manufacturer#5', 'Brand#45', 'LARGE BRUSHED STEEL', 40, 'MED BAG', 1050.21, 'part comment 72'),
    (73, 'part name 73', 'Manufacturer#3', 'Brand#23', 'STANDARD POLISHED STEEL', 12, 'MED BAG', 1458.17, 'part comment 73'),
    (74, 'part name 74', 'Manufacturer#4', 'Brand#24', 'LARGE BRUSHED BRASS', 1, 'MED BOX', 1927.87, 'part comment 74'),
    (75, 'part name 75', 'Manufacturer#2', 'Brand#54', 'SMALL PLATED STEEL', 7, 'MED BOX', 1753.7, 'part comment 75'),
    (76, 'part name 76', 'Manufacturer#5', 'Brand#55', 'MEDIUM BURNISHED BRASS', 45, 'SM PACK', 1044.32, 'part comment 76'),
    (77, 'part name 77', 'Manufacturer#1', 'Brand#42', 'PROMO ANODIZED BRASS', 39, 'MED BAG', 1858.47, 'part comment 77'),
    (78, 'part name 78', 'Manufacturer#2', 'Brand#41', 'STANDARD POLISHED BRASS', 49, 'SM PKG', 1253.48, 'part comment 78'),
    (79, 'part name 79', 'Manufacturer#2', 'Brand#15', 'PROMO ANODIZED COPPER', 26, 'LG PACK', 1939.69, 'part comment 79'),
    (80, 'part name 80', 'Manufacturer#5', 'Brand#23', 'LARGE BRUSHED TIN', 16, 'LG PACK', 1630.46, 'part comment 80'),
    (81, 'part name 81', 'Manufacturer#2', 'Brand#32', 'LARGE BRUSHED COPPER', 21, 'SM CASE', 1080.09, 'part comment 81'),
    (82, 'part name 82', 'Manufacturer#5', 'Brand#45', 'MEDIUM BURNISHED STEEL', 15, 'SM BOX', 1978.58, 'part comment 82'),
    (83, 'part name 83', 'Manufacturer#4', 'Brand#55', 'PROMO ANODIZED NICKEL', 2, 'MED BAG', 919.36, 'part comment 83'),
    (84, 'part name 84', 'Manufacturer#5', 'Brand#15', 'SMALL PLATED TIN', 36, 'SM CASE', 1853.79, 'part comment 84'),
    (85, 'part name 85', 'Manufacturer#1', 'Brand#21', 'MEDIUM BURNISHED NICKEL', 40, 'MED BOX', 1034.73, 'part comment 85'),
    (86, 'part name 86', 'Manufacturer#5', 'Brand#14', 'PROMO ANODIZED STEEL', 25, 'SM PKG', 994.79, 'part comment 86'),
    (87, 'part name 87', 'Manufacturer#4', 'Brand#12', 'SMALL PLATED STEEL', 40, 'SM PKG', 1493.62, 'part comment 87'),
    (88, 'part name 88', 'Manufacturer#4', 'Brand#14', 'STANDARD POLISHED COPPER', 37, 'LG PACK', 932.52, 'part comment 88'),
    (89, 'part name 89', 'Manufacturer#4', 'Brand#12', 'MEDIUM BURNISHED TIN', 25, 'SM PKG', 1339.73, 'part comment 89'),
    (90, 'part name 90', 'Manufacturer#2', 'Brand#12', 'MEDIUM BURNISHED COPPER', 9, 'LG PACK', 1433.07, 'part comment 90'),
    (91, 'part name 91', 'Manufacturer#2', 'Brand#35', 'MEDIUM BURNISHED TIN', 6, 'LG CASE', 1341.14, 'part comment 91'),
    (92, 'part name 92', 'Manufacturer#3', 'Brand#33', 'STANDARD POLISHED NICKEL', 20, 'MED BAG', 910.09, 'part comment 92'),
    (93, 'part name 93', 'Manufacturer#4', 'Brand#11', 'LARGE BRUSHED TIN', 7, 'SM PKG', 1484.29, 'part comment 93'),
    (94, 'part name 94', 'Manufacturer#4', 'Brand#53', 'MEDIUM BURNISHED BRASS', 45, 'SM BOX', 1750.35, 'part comment 94'),
    (95, 'part name 95', 'Manufacturer#5', 'Brand#23', 'SMALL PLATED BRASS', 43, 'LG CASE', 1431.42, 'part comment 95'),
    (96, 'part name 96', 'Manufacturer#5', 'Brand#25', 'SMALL PLATED STEEL', 7, 'SM PKG', 1387.58, 'part comment 96'),
    (97, 'part name 97', 'Manufacturer#1', 'Brand#53', 'LARGE BRUSHED NICKEL', 11, 'SM CASE', 1056.69, 'part comment 97'),
    (98, 'part name 98', 'Manufacturer#5', 'Brand#32', 'PROMO ANODIZED NICKEL', 40, 'SM CASE', 1124.02, 'part comment 98'),
    (99, 'part name 99', 'Manufacturer#3', 'Brand#21', 'LARGE BRUSHED BRASS', 20, 'MED BOX', 1639.92, 'part comment 99'),
    (100, 'part name 100', 'Manufacturer#4', 'Brand#12', 'MEDIUM BURNISHED COPPER', 12, 'MED PKG', 1173.73, 'part comment 100'),
    (101, 'part name 101', 'Manufacturer#5', 'Brand#34', 'LARGE BRUSHED COPPER', 6, 'SM PKG', 1148.49, 'part comment 101'),
    (102, 'part name 102', 'Manufacturer#4', 'Brand#25', 'PROMO ANODIZED BRASS', 13, 'SM PACK', 1889.07, 'part comment 102'),
    (103, 'part name 103', 'Manufacturer#5', 'Brand#51', 'SMALL PLATED NICKEL', 40, 'SM PACK', 1861.49, 'part comment 103'),
    (104, 'part name 104', 'Manufacturer#1', 'Brand#33', 'SMALL PLATED TIN', 47, 'LG CASE', 1442.53, 'part comment 104'),
    (105, 'part name 105', 'Manufacturer#3', 'Brand#41', 'PROMO ANODIZED TIN', 5, 'MED PKG', 1158.28, 'part comment 105'),
    (106, 'part name 106', 'Manufacturer#4', 'Brand#41', 'STANDARD POLISHED STEEL', 49, 'LG PACK', 1412.05, 'part comment 106'),
    (107, 'part name 107', 'Manufacturer#3', 'Brand#24', 'SMALL PLATED STEEL', 35, 'LG CASE', 1069.0, 'part comment 107'),
    (108, 'part name 108', 'Manufacturer#3', 'Brand#51', 'LARGE BRUSHED COPPER', 45, 'SM BOX', 1297.21, 'part comment 108'),
    (109, 'part name 109', 'Manufacturer#4', 'Brand#13', 'SMALL PLATED BRASS', 35, 'MED BOX', 1030.13, 'part comment 109'),
    (110, 'part name 110', 'Manufacturer#2', 'Brand#54', 'MEDIUM BURNISHED BRASS', 6, 'MED BAG', 1061.45, 'part comment 110'),
    (111, 'part name 111', 'Manufacturer#5', 'Brand#31', 'STANDARD POLISHED BRASS', 33, 'LG BOX', 1683.19, 'part comment 111'),
    (112, 'part name 112', 'Manufacturer#2', 'Brand#12', 'SMALL PLATED TIN', 8, 'MED BOX', 1239.81, 'part comment 112'),
    (113, 'part name 113', 'Manufacturer#1', 'Brand#23', 'PROMO ANODIZED TIN', 41, 'SM PKG', 1834.72, 'part comment 113'),
    (114, 'part name 114', 'Manufacturer#3', 'Brand#21', 'MEDIUM BURNISHED STEEL', 50, 'MED PKG', 1026.5, 'part comment 114'),
    (115, 'part name 115', 'Manufacturer#2', 'Brand#32', 'PROMO ANODIZED STEEL', 49, 'LG PACK', 1877.63, 'part comment 115'),
    (116, 'part name 116', 'Manufacturer#4', 'Brand#32', 'PROMO ANODIZED STEEL', 43, 'SM PACK', 1708.37, 'part comment 116'),
    (117, 'part name 117', 'Manufacturer#3', 'Brand#31', 'MEDIUM BURNISHED TIN', 33, 'LG BOX', 1532.36, 'part comment 117'),
    (118, 'part name 118', 'Manufacturer#4', 'Brand#24', 'PROMO ANODIZED TIN', 18, 'MED PKG', 1636.63, 'part comment 118'),
    (119, 'part name 119', 'Manufacturer#2', 'Brand#24', 'SMALL PLATED TIN', 29, 'MED BAG', 1588.93, 'part comment 119'),
    (120, 'part name 120', 'Manufacturer#2', 'Brand#15', 'LARGE BRUSHED BRASS', 4, 'MED BAG', 918.9, 'part comment 120'),
    (121, 'part name 121', 'Manufacturer#3', 'Brand#52', 'STANDARD POLISHED STEEL', 24, 'SM PACK', 1305.46, 'part comment 121'),
    (122, 'part name 122', 'Manufacturer#4', 'Brand#54', 'STANDARD POLISHED STEEL', 40, 'MED BOX', 1718.75, 'part comment 122'),
    (123, 'part name 123', 'Manufacturer#3', 'Brand#45', 'MEDIUM BURNISHED BRASS', 45, 'SM PACK', 1271.28, 'part comment 123'),
    (124, 'part name 124', 'Manufacturer#3', 'Brand#42', 'LARGE BRUSHED BRASS', 42, 'MED PKG', 1009.71, 'part comment 124'),
    (125, 'part name 125', 'Manufacturer#5', 'Brand#11', 'MEDIUM BURNISHED TIN', 20, 'MED BAG', 1173.05, 'part comment 125'),
    (126, 'part name 126', 'Manufacturer#1', 'Brand#53', 'SMALL PLATED TIN', 30, 'LG CASE', 1533.46, 'part comment 126'),
    (127, 'part name 127', 'Manufacturer#5', 'Brand#24', 'LARGE BRUSHED TIN', 27, 'SM PKG', 1884.66, 'part comment 127'),
    (128, 'part name 128', 'Manufacturer#1', 'Brand#43', 'PROMO ANODIZED NICKEL', 31, 'SM PKG', 1914.23, 'part comment 128'),
    (129, 'part name 129', 'Manufacturer#1', 'Brand#41', 'SMALL PLATED COPPER', 17, 'LG BOX', 1993.49, 'part comment 129'),
    (130, 'part name 130', 'Manufacturer#4', 'Brand#31', 'LARGE BRUSHED COPPER', 5, 'SM PKG', 1708.84, 'part comment 130'),
    (131, 'part name 131', 'Manufacturer#4', 'Brand#35', 'PROMO ANODIZED STEEL', 37, 'LG PACK', 1442.2, 'part comment 131'),
    (132, 'part name 132', 'Manufacturer#1', 'Brand#24', 'MEDIUM BURNISHED NICKEL', 23, 'MED PKG', 1378.14, 'part comment 132'),
    (133, 'part name 133', 'Manufacturer#2', 'Brand#35', 'STANDARD POLISHED NICKEL', 8, 'SM CASE', 1414.63, 'part comment 133'),
    (134, 'part name 134', 'Manufacturer#5', 'Brand#35', 'PROMO ANODIZED NICKEL', 8, 'SM PKG', 1916.32, 'part comment 134'),
    (135, 'part name 135', 'Manufacturer#4', 'Brand#45', 'MEDIUM BURNISHED BRASS', 48, 'LG BOX', 1429.46, 'part comment 135'),
    (136, 'part name 136', 'Manufacturer#2', 'Brand#24', 'STANDARD POLISHED STEEL', 18, 'LG BOX', 1686.06, 'part comment 136'),
    (137, 'part name 137', 'Manufacturer#4', 'Brand#35', 'MEDIUM BURNISHED NICKEL', 42, 'SM PACK', 1928.14, 'part comment 137'),
    (138, 'part name 138', 'Manufacturer#2', 'Brand#33', 'STANDARD POLISHED STEEL', 4, 'LG CASE', 1292.9, 'part comment 138'),
    (139, 'part name 139', 'Manufacturer#1', 'Brand#22', 'PROMO ANODIZED COPPER', 42, 'MED BAG', 1430.11, 'part comment 139'),
    (140, 'part name 140', 'Manufacturer#1', 'Brand#23', 'MEDIUM BURNISHED STEEL', 46, 'LG CASE', 1649.1, 'part comment 140'),
    (141, 'part name 141', 'Manufacturer#4', 'Brand#31', 'LARGE BRUSHED NICKEL', 8, 'MED PKG', 1243.56, 'part comment 141'),
    (142, 'part name 142', 'Manufacturer#2', 'Brand#12', 'LARGE BRUSHED NICKEL', 19, 'LG CASE', 1832.52, 'part comment 142'),
    (143, 'part name 143', 'Manufacturer#5', 'Brand#42', 'SMALL PLATED STEEL', 20, 'MED PKG', 1071.72, 'part comment 143'),
    (144, 'part name 144', 'Manufacturer#3', 'Brand#55', 'SMALL PLATED TIN', 16, 'SM PACK', 913.81, 'part comment 144'),
    (145, 'part name 145', 'Manufacturer#1', 'Brand#35', 'MEDIUM BURNISHED BRASS', 27, 'SM PACK', 1141.43, 'part comment 145'),
    (146, 'part name 146', 'Manufacturer#5', 'Brand#24', 'STANDARD POLISHED BRASS', 5, 'SM PACK', 1032.87, 'part comment 146'),
    (147, 'part name 147', 'Manufacturer#1', 'Brand#44', 'STANDARD POLISHED NICKEL', 47, 'LG CASE', 1123.0, 'part comment 147'),
    (148, 'part name 148', 'Manufacturer#3', 'Brand#43', 'SMALL PLATED BRASS', 9, 'MED PKG', 1911.62, 'part comment 148'),
    (149, 'part name 149', 'Manufacturer#3', 'Brand#25', 'STANDARD POLISHED TIN', 38, 'LG PACK', 1915.41, 'part comment 149'),
    (150, 'part name 150', 'Manufacturer#3', 'Brand#22', 'PROMO ANODIZED TIN', 44, 'SM PACK', 1509.58, 'part comment 150'),
    (151, 'part name 151', 'Manufacturer#3', 'Brand#23', 'STANDARD POLISHED TIN', 13, 'LG PACK', 1254.73, 'part comment 151'),
    (152, 'part name 152', 'Manufacturer#3', 'Brand#44', 'MEDIUM BURNISHED TIN', 21, 'SM PKG', 1413.67, 'part comment 152'),
    (153, 'part name 153', 'Manufacturer#2', 'Brand#33', 'SMALL PLATED COPPER', 30, 'SM CASE', 1194.96, 'part comment 153'),
    (154, 'part name 154', 'Manufacturer#2', 'Brand#24', 'SMALL PLATED STEEL', 11, 'MED BAG', 1952.36, 'part comment 154'),
    (155, 'part name 155', 'Manufacturer#5', 'Brand#33', 'LARGE BRUSHED BRASS', 31, 'SM CASE', 1251.36, 'part comment 155'),
    (156, 'part name 156', 'Manufacturer#4', 'Brand#53', 'STANDARD POLISHED COPPER', 5, 'MED BOX', 1014.38, 'part comment 156'),
    (157, 'part name 157', 'Manufacturer#1', 'Brand#11', 'PROMO ANODIZED NICKEL', 49, 'LG CASE', 1666.35, 'part comment 157'),
    (158, 'part name 158', 'Manufacturer#3', 'Brand#24', 'STANDARD POLISHED TIN', 41, 'MED BAG', 1386.75, 'part comment 158'),
    (159, 'part name 159', 'Manufacturer#4', 'Brand#21', 'PROMO ANODIZED NICKEL', 37, 'SM PKG', 1087.2, 'part comment 159'),
    (160, 'part name 160', 'Manufacturer#5', 'Brand#34', 'STANDARD POLISHED STEEL', 3, 'SM PKG', 1982.6, 'part comment 160'),
    (161, 'part name 161', 'Manufacturer#1', 'Brand#32', 'SMALL PLATED TIN', 32, 'LG PACK', 1326.76, 'part comment 161'),
    (162, 'part name 162', 'Manufacturer#1', 'Brand#54', 'PROMO ANODIZED BRASS', 47, 'SM CASE', 1891.72, 'part comment 162'),
    (163, 'part name 163', 'Manufacturer#2', 'Brand#41', 'STANDARD POLISHED BRASS', 29, 'LG BOX', 1355.99, 'part comment 163'),
    (164, 'part name 164', 'Manufacturer#2', 'Brand#24', 'PROMO ANODIZED BRASS', 17, 'MED PKG', 1345.94, 'part comment 164'),
    (165, 'part name 165', 'Manufacturer#3', 'Brand#11', 'MEDIUM BURNISHED COPPER', 37, 'SM CASE', 1853.95, 'part comment 165'),
    (166, 'part name 166', 'Manufacturer#3', 'Brand#32', 'LARGE BRUSHED STEEL', 47, 'SM PKG', 1622.6, 'part comment 166'),
    (167, 'part name 167', 'Manufacturer#3', 'Brand#41', 'PROMO ANODIZED STEEL', 13, 'SM BOX', 1559.16, 'part comment 167'),
    (168, 'part name 168', 'Manufacturer#3', 'Brand#44', 'LARGE BRUSHED BRASS', 36, 'SM CASE', 988.64, 'part comment 168'),
    (169, 'part name 169', 'Manufacturer#5', 'Brand#31', 'MEDIUM BURNISHED STEEL', 50, 'SM BOX', 1021.68, 'part comment 169'),
    (170, 'part name 170', 'Manufacturer#2', 'Brand#41', 'SMALL PLATED NICKEL', 5, 'SM BOX', 1566.36, 'part comment 170'),
    (171, 'part name 171', 'Manufacturer#3', 'Brand#32', 'STANDARD POLISHED BRASS', 34, 'MED BOX', 918.29, 'part comment 171'),
    (172, 'part name 172', 'Manufacturer#3', 'Brand#35', 'LARGE BRUSHED BRASS', 1, 'MED BAG', 1370.31, 'part comment 172'),
    (173, 'part name 173', 'Manufacturer#1', 'Brand#35', 'SMALL PLATED BRASS', 41, 'LG BOX', 1528.38, 'part comment 173'),
    (174, 'part name 174', 'Manufacturer#5', 'Brand#55', 'MEDIUM BURNISHED TIN', 31, 'SM BOX', 1309.63, 'part comment 174'),
    (175, 'part name 175', 'Manufacturer#1', 'Brand#31', 'MEDIUM BURNISHED STEEL', 22, 'SM PACK', 1969.58, 'part comment 175'),
    (176, 'part name 176', 'Manufacturer#4', 'Brand#14', 'STANDARD POLISHED COPPER', 46, 'MED BOX', 1736.13, 'part comment 176'),
    (177, 'part name 177', 'Manufacturer#3', 'Brand#14', 'PROMO ANODIZED BRASS', 15, 'SM BOX', 1161.09, 'part comment 177'),
    (178, 'part name 178', 'Manufacturer#1', 'Brand#11', 'SMALL PLATED BRASS', 20, 'MED BOX', 1249.48, 'part comment 178'),
    (179, 'part name 179', 'Manufacturer#5', 'Brand#13', 'MEDIUM BURNISHED COPPER', 16, 'LG BOX', 1593.4, 'part comment 179'),
    (180, 'part name 180', 'Manufacturer#4', 'Brand#14', 'LARGE BRUSHED COPPER', 35, 'SM PKG', 1766.3, 'part comment 180'),
    (181, 'part name 181', 'Manufacturer#1', 'Brand#31', 'PROMO ANODIZED COPPER', 33, 'LG PACK', 959.59, 'part comment 181'),
    (182, 'part name 182', 'Manufacturer#4', 'Brand#22', 'LARGE BRUSHED TIN', 23, 'SM BOX', 1336.15, 'part comment 182'),
    (183, 'part name 183', 'Manufacturer#1', 'Brand#53', 'SMALL PLATED NICKEL', 30, 'LG CASE', 1962.72, 'part comment 183'),
    (184, 'part name 184', 'Manufacturer#1', 'Brand#31', 'STANDARD POLISHED BRASS', 1, 'SM CASE', 1399.33, 'part comment 184'),
    (185, 'part name 185', 'Manufacturer#2', 'Brand#35', 'PROMO ANODIZED STEEL', 35, 'SM PACK', 937.54, 'part comment 185'),
    (186, 'part name 186', 'Manufacturer#1', 'Brand#53', 'STANDARD POLISHED COPPER', 38, 'SM BOX', 1407.0, 'part comment 186'),
    (187, 'part name 187', 'Manufacturer#3', 'Brand#15', 'STANDARD POLISHED TIN', 24, 'LG BOX', 1216.63, 'part comment 187'),
    (188, 'part name 188', 'Manufacturer#4', 'Brand#44', 'STANDARD POLISHED TIN', 20, 'SM PKG', 1829.96, 'part comment 188'),
    (189, 'part name 189', 'Manufacturer#5', 'Brand#41', 'MEDIUM BURNISHED COPPER', 32, 'SM PKG', 1472.12, 'part comment 189'),
    (190, 'part name 190', 'Manufacturer#5', 'Brand#51', 'LARGE BRUSHED NICKEL', 17, 'SM PACK', 1548.13, 'part comment 190'),
    (191, 'part name 191', 'Manufacturer#2', 'Brand#32', 'SMALL PLATED NICKEL', 30, 'SM BOX', 1153.43, 'part comment 191'),
    (192, 'part name 192', 'Manufacturer#4', 'Brand#22', 'PROMO ANODIZED STEEL', 6, 'MED PKG', 1263.31, 'part comment 192'),
    (193, 'part name 193', 'Manufacturer#2', 'Brand#43', 'MEDIUM BURNISHED STEEL', 12, 'SM PACK', 1672.21, 'part comment 193'),
    (194, 'part name 194', 'Manufacturer#2', 'Brand#34', 'MEDIUM BURNISHED TIN', 8, 'LG BOX', 1617.37, 'part comment 194'),
    (195, 'part name 195', 'Manufacturer#3', 'Brand#45', 'LARGE BRUSHED BRASS', 22, 'MED BOX', 1439.98, 'part comment 195'),
    (196, 'part name 196', 'Manufacturer#3', 'Brand#24', 'SMALL PLATED TIN', 1, 'LG PACK', 1322.73, 'part comment 196'),
    (197, 'part name 197', 'Manufacturer#4', 'Brand#52', 'SMALL PLATED NICKEL', 38, 'LG BOX', 978.72, 'part comment 197'),
    (198, 'part name 198', 'Manufacturer#5', 'Brand#52', 'LARGE BRUSHED TIN', 10, 'LG BOX', 1272.02, 'part comment 198'),
    (199, 'part name 199', 'Manufacturer#2', 'Brand#33', 'SMALL PLATED STEEL', 50, 'LG CASE', 1434.53, 'part comment 199'),
    (200, 'part name 200', 'Manufacturer#1', 'Brand#24', 'SMALL PLATED STEEL', 6, 'SM BOX', 1835.95, 'part comment 200');

-- Additional Order Data
INSERT INTO orders VALUES
    (35, 38, 'O', 350628.77, '1992-02-09', '5-LOW', 'Clerk#000000101', 0, 'order comment 35'),
    (36, 22, 'O', 267662.8, '1997-11-05', '4-NOT SPECIFIED', 'Clerk#000000806', 0, 'order comment 36'),
    (37, 20, 'O', 389142.0, '1995-10-07', '5-LOW', 'Clerk#000000580', 0, 'order comment 37'),
    (38, 33, 'O', 420973.05, '1998-06-06', '4-NOT SPECIFIED', 'Clerk#000000756', 0, 'order comment 38'),
    (39, 26, 'O', 184501.49, '1993-07-28', '2-HIGH', 'Clerk#000000622', 0, 'order comment 39'),
    (40, 39, 'O', 295277.5, '1997-04-13', '4-NOT SPECIFIED', 'Clerk#000000431', 0, 'order comment 40'),
    (41, 2, 'F', 143717.18, '1992-08-05', '2-HIGH', 'Clerk#000000542', 0, 'order comment 41'),
    (42, 30, 'P', 80538.0, '1997-08-04', '4-NOT SPECIFIED', 'Clerk#000000081', 0, 'order comment 42'),
    (43, 13, 'P', 60713.59, '1995-01-04', '2-HIGH', 'Clerk#000000219', 0, 'order comment 43'),
    (44, 45, 'F', 21552.84, '1994-12-27', '5-LOW', 'Clerk#000000919', 0, 'order comment 44'),
    (45, 36, 'F', 210752.07, '1998-04-26', '4-NOT SPECIFIED', 'Clerk#000000548', 0, 'order comment 45'),
    (46, 37, 'P', 46750.13, '1997-07-18', '2-HIGH', 'Clerk#000000607', 0, 'order comment 46'),
    (47, 24, 'P', 389729.07, '1997-10-10', '4-NOT SPECIFIED', 'Clerk#000000867', 0, 'order comment 47'),
    (48, 49, 'P', 451969.14, '1992-08-30', '2-HIGH', 'Clerk#000000832', 0, 'order comment 48'),
    (49, 49, 'P', 280868.46, '1995-10-15', '2-HIGH', 'Clerk#000000312', 0, 'order comment 49'),
    (50, 13, 'O', 250293.54, '1998-03-04', '2-HIGH', 'Clerk#000000320', 0, 'order comment 50'),
    (51, 32, 'F', 113276.85, '1996-06-02', '3-MEDIUM', 'Clerk#000000438', 0, 'order comment 51'),
    (52, 36, 'P', 328250.4, '1996-01-14', '1-URGENT', 'Clerk#000000645', 0, 'order comment 52'),
    (53, 46, 'F', 387560.41, '1992-03-26', '1-URGENT', 'Clerk#000000419', 0, 'order comment 53'),
    (54, 17, 'P', 22941.81, '1992-12-30', '5-LOW', 'Clerk#000000950', 0, 'order comment 54'),
    (55, 24, 'F', 146974.63, '1994-04-03', '5-LOW', 'Clerk#000000895', 0, 'order comment 55'),
    (56, 28, 'P', 104400.22, '1996-08-15', '2-HIGH', 'Clerk#000000983', 0, 'order comment 56'),
    (57, 15, 'P', 254774.74, '1995-05-21', '4-NOT SPECIFIED', 'Clerk#000000338', 0, 'order comment 57'),
    (58, 38, 'O', 129553.72, '1996-07-06', '1-URGENT', 'Clerk#000000828', 0, 'order comment 58'),
    (59, 37, 'P', 220274.67, '1996-04-16', '4-NOT SPECIFIED', 'Clerk#000000678', 0, 'order comment 59'),
    (60, 11, 'P', 303916.21, '1998-02-18', '4-NOT SPECIFIED', 'Clerk#000000647', 0, 'order comment 60'),
    (61, 37, 'P', 34984.16, '1993-12-14', '1-URGENT', 'Clerk#000000361', 0, 'order comment 61'),
    (62, 4, 'O', 107048.16, '1997-10-20', '2-HIGH', 'Clerk#000000534', 0, 'order comment 62'),
    (63, 45, 'F', 82667.06, '1994-03-26', '4-NOT SPECIFIED', 'Clerk#000000100', 0, 'order comment 63'),
    (64, 42, 'O', 193080.35, '1998-07-26', '2-HIGH', 'Clerk#000000480', 0, 'order comment 64'),
    (65, 19, 'O', 190238.1, '1996-07-26', '3-MEDIUM', 'Clerk#000000814', 0, 'order comment 65'),
    (66, 43, 'P', 465087.37, '1994-03-16', '3-MEDIUM', 'Clerk#000000373', 0, 'order comment 66'),
    (67, 37, 'F', 113155.24, '1993-11-21', '5-LOW', 'Clerk#000000333', 0, 'order comment 67'),
    (68, 36, 'P', 322783.73, '1992-09-21', '4-NOT SPECIFIED', 'Clerk#000000352', 0, 'order comment 68'),
    (69, 42, 'F', 279793.37, '1993-03-10', '2-HIGH', 'Clerk#000000326', 0, 'order comment 69'),
    (70, 4, 'P', 163914.44, '1998-08-19', '4-NOT SPECIFIED', 'Clerk#000000676', 0, 'order comment 70'),
    (71, 27, 'F', 248577.29, '1996-04-12', '2-HIGH', 'Clerk#000000034', 0, 'order comment 71'),
    (72, 14, 'P', 443118.63, '1994-08-05', '2-HIGH', 'Clerk#000000039', 0, 'order comment 72'),
    (73, 22, 'P', 188412.68, '1993-07-18', '5-LOW', 'Clerk#000000537', 0, 'order comment 73'),
    (74, 3, 'F', 469401.59, '1993-02-26', '1-URGENT', 'Clerk#000000521', 0, 'order comment 74'),
    (75, 23, 'F', 71373.81, '1996-11-07', '2-HIGH', 'Clerk#000000491', 0, 'order comment 75'),
    (76, 50, 'P', 137954.98, '1995-02-02', '3-MEDIUM', 'Clerk#000000445', 0, 'order comment 76'),
    (77, 49, 'F', 193824.49, '1995-04-03', '1-URGENT', 'Clerk#000000110', 0, 'order comment 77'),
    (78, 22, 'O', 49477.39, '1997-08-22', '3-MEDIUM', 'Clerk#000000593', 0, 'order comment 78'),
    (79, 42, 'F', 193062.57, '1992-05-28', '3-MEDIUM', 'Clerk#000000069', 0, 'order comment 79'),
    (80, 24, 'O', 163021.69, '1992-03-14', '1-URGENT', 'Clerk#000000729', 0, 'order comment 80'),
    (81, 31, 'F', 203412.44, '1998-04-08', '3-MEDIUM', 'Clerk#000000733', 0, 'order comment 81'),
    (82, 18, 'F', 432151.87, '1992-08-06', '3-MEDIUM', 'Clerk#000000234', 0, 'order comment 82'),
    (83, 11, 'F', 18478.13, '1998-04-22', '3-MEDIUM', 'Clerk#000000439', 0, 'order comment 83'),
    (84, 6, 'O', 310646.77, '1995-02-03', '1-URGENT', 'Clerk#000000161', 0, 'order comment 84'),
    (85, 40, 'P', 49704.65, '1997-12-26', '3-MEDIUM', 'Clerk#000000209', 0, 'order comment 85'),
    (86, 4, 'O', 307215.7, '1995-02-17', '4-NOT SPECIFIED', 'Clerk#000000428', 0, 'order comment 86'),
    (87, 49, 'P', 283887.55, '1994-07-12', '4-NOT SPECIFIED', 'Clerk#000000622', 0, 'order comment 87'),
    (88, 43, 'F', 387387.2, '1994-04-06', '2-HIGH', 'Clerk#000000465', 0, 'order comment 88'),
    (89, 5, 'O', 432605.36, '1995-10-20', '2-HIGH', 'Clerk#000000393', 0, 'order comment 89'),
    (90, 5, 'O', 175509.61, '1994-01-10', '2-HIGH', 'Clerk#000000224', 0, 'order comment 90'),
    (91, 33, 'O', 267765.91, '1992-12-04', '3-MEDIUM', 'Clerk#000000847', 0, 'order comment 91'),
    (92, 48, 'P', 357494.41, '1996-12-15', '4-NOT SPECIFIED', 'Clerk#000000056', 0, 'order comment 92'),
    (93, 31, 'O', 187804.06, '1996-12-16', '1-URGENT', 'Clerk#000000709', 0, 'order comment 93'),
    (94, 46, 'P', 91417.17, '1993-06-11', '3-MEDIUM', 'Clerk#000000378', 0, 'order comment 94'),
    (95, 3, 'P', 50404.38, '1994-03-01', '4-NOT SPECIFIED', 'Clerk#000000498', 0, 'order comment 95'),
    (96, 30, 'F', 122611.04, '1992-08-17', '5-LOW', 'Clerk#000000683', 0, 'order comment 96'),
    (97, 40, 'F', 391956.48, '1992-02-13', '4-NOT SPECIFIED', 'Clerk#000000141', 0, 'order comment 97'),
    (98, 7, 'P', 141147.66, '1998-02-04', '1-URGENT', 'Clerk#000000427', 0, 'order comment 98'),
    (99, 28, 'P', 245567.05, '1993-05-04', '4-NOT SPECIFIED', 'Clerk#000000675', 0, 'order comment 99'),
    (100, 26, 'P', 60186.39, '1993-10-10', '2-HIGH', 'Clerk#000000049', 0, 'order comment 100');

-- Additional PartSupp Data
INSERT INTO partsupp VALUES
    (1, 28, 866, 182.0, 'partsupp comment'),
    (1, 23, 4517, 493.67, 'partsupp comment'),
    (1, 34, 3732, 705.34, 'partsupp comment'),
    (2, 34, 6972, 566.54, 'partsupp comment'),
    (2, 8, 7957, 724.48, 'partsupp comment'),
    (2, 40, 7250, 876.21, 'partsupp comment'),
    (3, 19, 2472, 584.15, 'partsupp comment'),
    (3, 48, 7161, 794.46, 'partsupp comment'),
    (3, 13, 8193, 862.03, 'partsupp comment'),
    (3, 5, 8558, 628.76, 'partsupp comment'),
    (4, 31, 3088, 424.14, 'partsupp comment'),
    (4, 39, 6284, 918.47, 'partsupp comment'),
    (4, 7, 7954, 507.67, 'partsupp comment'),
    (4, 8, 8519, 580.98, 'partsupp comment'),
    (5, 12, 6654, 194.54, 'partsupp comment'),
    (5, 7, 6636, 77.66, 'partsupp comment'),
    (5, 45, 7733, 260.0, 'partsupp comment'),
    (5, 30, 5878, 218.11, 'partsupp comment'),
    (6, 17, 9551, 416.91, 'partsupp comment'),
    (6, 38, 2691, 646.05, 'partsupp comment'),
    (6, 35, 4074, 602.24, 'partsupp comment'),
    (6, 9, 2413, 987.76, 'partsupp comment'),
    (7, 4, 3448, 201.22, 'partsupp comment'),
    (7, 43, 3725, 352.96, 'partsupp comment'),
    (8, 3, 209, 255.79, 'partsupp comment'),
    (8, 35, 4202, 922.33, 'partsupp comment'),
    (8, 41, 6872, 601.79, 'partsupp comment'),
    (9, 26, 7803, 986.15, 'partsupp comment'),
    (9, 29, 4015, 136.41, 'partsupp comment'),
    (9, 4, 6138, 715.19, 'partsupp comment'),
    (10, 34, 5353, 691.99, 'partsupp comment'),
    (10, 6, 7619, 198.92, 'partsupp comment'),
    (11, 17, 7967, 187.52, 'partsupp comment'),
    (11, 46, 378, 34.13, 'partsupp comment'),
    (11, 22, 6424, 933.32, 'partsupp comment'),
    (12, 47, 4156, 52.64, 'partsupp comment'),
    (12, 13, 287, 495.5, 'partsupp comment'),
    (12, 1, 4939, 560.34, 'partsupp comment'),
    (12, 38, 2139, 57.5, 'partsupp comment'),
    (13, 4, 3206, 354.28, 'partsupp comment'),
    (13, 50, 2569, 493.9, 'partsupp comment'),
    (14, 49, 834, 715.62, 'partsupp comment'),
    (14, 33, 5520, 624.96, 'partsupp comment'),
    (15, 4, 6662, 534.68, 'partsupp comment'),
    (15, 23, 9635, 333.29, 'partsupp comment'),
    (15, 34, 597, 602.83, 'partsupp comment'),
    (16, 21, 1084, 836.5, 'partsupp comment'),
    (16, 1, 585, 330.85, 'partsupp comment'),
    (16, 8, 5232, 638.43, 'partsupp comment'),
    (16, 13, 3231, 744.26, 'partsupp comment'),
    (17, 4, 7844, 731.6, 'partsupp comment'),
    (17, 30, 8104, 184.91, 'partsupp comment'),
    (17, 42, 3466, 979.52, 'partsupp comment'),
    (17, 47, 2502, 502.84, 'partsupp comment'),
    (18, 9, 8876, 660.31, 'partsupp comment'),
    (18, 35, 7897, 774.8, 'partsupp comment'),
    (18, 2, 8486, 769.72, 'partsupp comment'),
    (19, 11, 9995, 538.01, 'partsupp comment'),
    (19, 15, 6039, 278.38, 'partsupp comment'),
    (19, 42, 7242, 538.62, 'partsupp comment'),
    (20, 13, 7711, 893.32, 'partsupp comment'),
    (20, 42, 9825, 920.12, 'partsupp comment'),
    (20, 41, 2748, 490.92, 'partsupp comment'),
    (20, 29, 8747, 622.13, 'partsupp comment'),
    (21, 23, 412, 929.11, 'partsupp comment'),
    (21, 35, 8657, 176.65, 'partsupp comment'),
    (22, 27, 7449, 387.15, 'partsupp comment'),
    (22, 4, 8392, 165.81, 'partsupp comment'),
    (23, 2, 785, 296.37, 'partsupp comment'),
    (23, 44, 605, 491.56, 'partsupp comment'),
    (24, 33, 8017, 773.73, 'partsupp comment'),
    (24, 28, 4451, 306.87, 'partsupp comment'),
    (24, 25, 2655, 335.04, 'partsupp comment'),
    (25, 18, 1958, 104.86, 'partsupp comment'),
    (25, 48, 7906, 346.49, 'partsupp comment'),
    (25, 25, 7595, 757.82, 'partsupp comment'),
    (25, 16, 8949, 379.56, 'partsupp comment'),
    (26, 29, 4836, 463.16, 'partsupp comment'),
    (26, 36, 6295, 280.86, 'partsupp comment'),
    (26, 16, 8411, 606.73, 'partsupp comment'),
    (26, 46, 2580, 969.26, 'partsupp comment'),
    (27, 40, 7123, 345.39, 'partsupp comment'),
    (27, 33, 4735, 950.09, 'partsupp comment'),
    (28, 9, 4036, 277.08, 'partsupp comment'),
    (28, 12, 1911, 167.67, 'partsupp comment'),
    (29, 40, 6053, 541.12, 'partsupp comment'),
    (29, 45, 3318, 559.88, 'partsupp comment'),
    (30, 5, 711, 181.21, 'partsupp comment'),
    (30, 21, 1900, 792.54, 'partsupp comment'),
    (31, 10, 6703, 789.72, 'partsupp comment'),
    (31, 11, 8119, 697.65, 'partsupp comment'),
    (31, 37, 495, 71.05, 'partsupp comment'),
    (32, 11, 3293, 641.52, 'partsupp comment'),
    (32, 37, 203, 751.8, 'partsupp comment'),
    (33, 7, 9493, 185.62, 'partsupp comment'),
    (33, 1, 6841, 535.66, 'partsupp comment'),
    (34, 16, 6221, 806.89, 'partsupp comment'),
    (34, 9, 4162, 632.62, 'partsupp comment'),
    (34, 5, 3323, 329.19, 'partsupp comment'),
    (35, 23, 3281, 52.4, 'partsupp comment'),
    (35, 6, 5669, 431.15, 'partsupp comment'),
    (35, 16, 137, 691.81, 'partsupp comment'),
    (36, 22, 1475, 137.26, 'partsupp comment'),
    (36, 13, 3746, 437.94, 'partsupp comment'),
    (36, 34, 4600, 977.74, 'partsupp comment'),
    (37, 2, 6806, 814.64, 'partsupp comment'),
    (37, 29, 5558, 202.61, 'partsupp comment'),
    (38, 37, 9052, 112.89, 'partsupp comment'),
    (38, 41, 3224, 159.42, 'partsupp comment'),
    (38, 40, 8765, 27.88, 'partsupp comment'),
    (38, 2, 1335, 123.25, 'partsupp comment'),
    (39, 10, 3500, 980.09, 'partsupp comment'),
    (39, 44, 3166, 461.05, 'partsupp comment'),
    (39, 7, 3080, 260.83, 'partsupp comment'),
    (40, 44, 4169, 361.22, 'partsupp comment'),
    (40, 17, 1535, 481.21, 'partsupp comment'),
    (41, 23, 8859, 763.6, 'partsupp comment'),
    (41, 20, 1547, 193.63, 'partsupp comment'),
    (42, 28, 9406, 650.27, 'partsupp comment'),
    (42, 22, 8909, 771.91, 'partsupp comment'),
    (42, 49, 7836, 507.44, 'partsupp comment'),
    (43, 49, 6873, 461.77, 'partsupp comment'),
    (43, 42, 2818, 857.99, 'partsupp comment'),
    (43, 4, 372, 257.4, 'partsupp comment'),
    (44, 17, 6465, 212.26, 'partsupp comment'),
    (44, 33, 9371, 97.89, 'partsupp comment'),
    (44, 3, 111, 658.82, 'partsupp comment'),
    (45, 8, 6365, 371.06, 'partsupp comment'),
    (45, 34, 2231, 929.88, 'partsupp comment'),
    (46, 19, 9533, 648.47, 'partsupp comment'),
    (46, 42, 3064, 665.57, 'partsupp comment'),
    (46, 46, 8326, 968.69, 'partsupp comment'),
    (46, 48, 8952, 810.67, 'partsupp comment'),
    (47, 43, 4161, 56.03, 'partsupp comment'),
    (47, 40, 7116, 547.78, 'partsupp comment'),
    (47, 41, 5641, 834.06, 'partsupp comment'),
    (48, 26, 1826, 308.23, 'partsupp comment'),
    (48, 23, 4613, 339.29, 'partsupp comment'),
    (49, 24, 454, 901.47, 'partsupp comment'),
    (49, 9, 373, 963.02, 'partsupp comment'),
    (49, 32, 164, 313.66, 'partsupp comment'),
    (49, 36, 6290, 603.12, 'partsupp comment'),
    (50, 31, 5215, 852.12, 'partsupp comment'),
    (50, 20, 2809, 176.14, 'partsupp comment'),
    (50, 35, 9982, 60.32, 'partsupp comment'),
    (51, 44, 7185, 234.49, 'partsupp comment'),
    (51, 10, 1507, 34.15, 'partsupp comment'),
    (51, 11, 5960, 690.18, 'partsupp comment'),
    (52, 35, 2616, 470.55, 'partsupp comment'),
    (52, 17, 7796, 207.26, 'partsupp comment'),
    (53, 13, 6166, 683.92, 'partsupp comment'),
    (53, 30, 9046, 864.05, 'partsupp comment'),
    (53, 15, 3801, 606.14, 'partsupp comment'),
    (54, 17, 1484, 793.54, 'partsupp comment'),
    (54, 6, 6986, 680.88, 'partsupp comment'),
    (54, 26, 4065, 165.71, 'partsupp comment'),
    (54, 25, 5353, 254.87, 'partsupp comment'),
    (55, 4, 4564, 581.86, 'partsupp comment'),
    (55, 22, 3480, 221.74, 'partsupp comment'),
    (55, 35, 2250, 286.85, 'partsupp comment'),
    (56, 3, 406, 943.95, 'partsupp comment'),
    (56, 49, 7117, 238.3, 'partsupp comment'),
    (56, 36, 5281, 802.41, 'partsupp comment'),
    (57, 50, 4754, 739.11, 'partsupp comment'),
    (57, 23, 597, 456.2, 'partsupp comment'),
    (58, 48, 2458, 31.91, 'partsupp comment'),
    (58, 20, 4745, 660.7, 'partsupp comment'),
    (58, 42, 4778, 409.4, 'partsupp comment'),
    (58, 4, 8037, 226.02, 'partsupp comment'),
    (59, 18, 6150, 863.03, 'partsupp comment'),
    (59, 4, 4328, 835.46, 'partsupp comment'),
    (60, 36, 2108, 239.75, 'partsupp comment'),
    (60, 47, 7467, 578.55, 'partsupp comment'),
    (60, 1, 4481, 33.5, 'partsupp comment'),
    (61, 29, 3800, 206.38, 'partsupp comment'),
    (61, 18, 6465, 133.86, 'partsupp comment'),
    (61, 16, 8199, 93.02, 'partsupp comment'),
    (62, 11, 9764, 322.66, 'partsupp comment'),
    (62, 29, 3165, 369.38, 'partsupp comment'),
    (62, 36, 4494, 156.98, 'partsupp comment'),
    (62, 10, 6951, 397.57, 'partsupp comment'),
    (63, 4, 8003, 265.46, 'partsupp comment'),
    (63, 9, 380, 296.54, 'partsupp comment'),
    (63, 48, 6477, 143.06, 'partsupp comment'),
    (63, 36, 5052, 819.71, 'partsupp comment'),
    (64, 11, 4731, 169.64, 'partsupp comment'),
    (64, 27, 8795, 119.99, 'partsupp comment'),
    (64, 25, 6161, 200.92, 'partsupp comment'),
    (65, 41, 1848, 447.48, 'partsupp comment'),
    (65, 28, 1151, 933.7, 'partsupp comment'),
    (65, 38, 5701, 892.26, 'partsupp comment'),
    (65, 6, 4829, 150.92, 'partsupp comment'),
    (66, 38, 8454, 948.6, 'partsupp comment'),
    (66, 28, 8064, 869.16, 'partsupp comment'),
    (67, 39, 8350, 188.32, 'partsupp comment'),
    (67, 36, 7987, 118.04, 'partsupp comment'),
    (67, 49, 1877, 714.72, 'partsupp comment'),
    (67, 41, 2744, 892.61, 'partsupp comment'),
    (68, 11, 8157, 952.93, 'partsupp comment'),
    (68, 5, 1895, 978.93, 'partsupp comment'),
    (69, 20, 1962, 173.48, 'partsupp comment'),
    (69, 26, 2202, 23.52, 'partsupp comment'),
    (70, 1, 2373, 436.5, 'partsupp comment'),
    (70, 19, 611, 433.71, 'partsupp comment'),
    (71, 42, 8294, 755.84, 'partsupp comment'),
    (71, 30, 4766, 535.74, 'partsupp comment'),
    (71, 41, 3349, 107.84, 'partsupp comment'),
    (72, 15, 4915, 479.46, 'partsupp comment'),
    (72, 30, 4305, 457.82, 'partsupp comment'),
    (72, 34, 900, 92.42, 'partsupp comment'),
    (73, 38, 8510, 792.45, 'partsupp comment'),
    (73, 42, 1742, 530.75, 'partsupp comment'),
    (73, 43, 5243, 752.84, 'partsupp comment'),
    (74, 48, 7513, 573.14, 'partsupp comment'),
    (74, 9, 1316, 759.28, 'partsupp comment'),
    (75, 9, 245, 614.45, 'partsupp comment'),
    (75, 36, 2597, 265.55, 'partsupp comment'),
    (75, 22, 5374, 870.13, 'partsupp comment'),
    (75, 45, 2155, 62.98, 'partsupp comment'),
    (76, 21, 6441, 506.72, 'partsupp comment'),
    (76, 41, 4364, 955.85, 'partsupp comment'),
    (76, 37, 2843, 916.53, 'partsupp comment'),
    (76, 14, 4551, 419.54, 'partsupp comment'),
    (77, 48, 4779, 728.28, 'partsupp comment'),
    (77, 29, 1073, 282.55, 'partsupp comment'),
    (77, 50, 2653, 690.81, 'partsupp comment'),
    (78, 17, 2583, 677.09, 'partsupp comment'),
    (78, 42, 8020, 339.62, 'partsupp comment'),
    (78, 39, 8219, 96.89, 'partsupp comment'),
    (78, 13, 8440, 842.85, 'partsupp comment'),
    (79, 47, 7775, 579.54, 'partsupp comment'),
    (79, 15, 753, 300.97, 'partsupp comment'),
    (80, 19, 7606, 620.41, 'partsupp comment'),
    (80, 18, 366, 815.12, 'partsupp comment'),
    (80, 39, 9551, 603.89, 'partsupp comment'),
    (80, 21, 2916, 868.9, 'partsupp comment'),
    (81, 37, 4889, 410.2, 'partsupp comment'),
    (81, 34, 8990, 924.06, 'partsupp comment'),
    (82, 27, 2801, 756.48, 'partsupp comment'),
    (82, 35, 6353, 278.07, 'partsupp comment'),
    (83, 42, 9282, 508.08, 'partsupp comment'),
    (83, 15, 4928, 545.15, 'partsupp comment'),
    (84, 48, 6658, 711.83, 'partsupp comment'),
    (84, 18, 908, 399.3, 'partsupp comment'),
    (84, 20, 7135, 633.6, 'partsupp comment'),
    (84, 40, 1891, 325.11, 'partsupp comment'),
    (85, 47, 398, 915.55, 'partsupp comment'),
    (85, 21, 5025, 443.66, 'partsupp comment'),
    (86, 20, 1367, 466.19, 'partsupp comment'),
    (86, 21, 5273, 882.83, 'partsupp comment'),
    (86, 2, 1278, 511.27, 'partsupp comment'),
    (87, 47, 4244, 746.13, 'partsupp comment'),
    (87, 2, 5482, 95.56, 'partsupp comment'),
    (88, 44, 390, 684.09, 'partsupp comment'),
    (88, 14, 1175, 400.39, 'partsupp comment'),
    (88, 13, 7082, 453.66, 'partsupp comment'),
    (89, 49, 4424, 457.38, 'partsupp comment'),
    (89, 32, 6649, 284.78, 'partsupp comment'),
    (89, 18, 9141, 732.67, 'partsupp comment'),
    (89, 46, 7722, 690.45, 'partsupp comment'),
    (90, 10, 2085, 633.71, 'partsupp comment'),
    (90, 39, 9743, 617.02, 'partsupp comment'),
    (90, 18, 8519, 983.96, 'partsupp comment'),
    (91, 21, 9855, 368.35, 'partsupp comment'),
    (91, 43, 121, 310.14, 'partsupp comment'),
    (92, 33, 1535, 32.65, 'partsupp comment'),
    (92, 34, 4997, 121.26, 'partsupp comment'),
    (92, 29, 1394, 366.5, 'partsupp comment'),
    (93, 12, 5819, 820.37, 'partsupp comment'),
    (93, 38, 8656, 778.91, 'partsupp comment'),
    (93, 16, 1752, 62.91, 'partsupp comment'),
    (93, 19, 5345, 882.0, 'partsupp comment'),
    (94, 38, 1342, 827.94, 'partsupp comment'),
    (94, 44, 6502, 26.52, 'partsupp comment'),
    (94, 23, 6174, 388.23, 'partsupp comment'),
    (94, 3, 9113, 399.88, 'partsupp comment'),
    (95, 18, 6475, 724.14, 'partsupp comment'),
    (95, 23, 6491, 639.23, 'partsupp comment'),
    (95, 17, 9808, 743.48, 'partsupp comment'),
    (96, 7, 4432, 816.31, 'partsupp comment'),
    (96, 4, 5520, 653.81, 'partsupp comment'),
    (97, 31, 4064, 886.47, 'partsupp comment'),
    (97, 41, 2900, 951.22, 'partsupp comment'),
    (97, 18, 3408, 751.84, 'partsupp comment'),
    (98, 26, 1482, 448.72, 'partsupp comment'),
    (98, 29, 7012, 810.84, 'partsupp comment'),
    (99, 28, 4795, 214.54, 'partsupp comment'),
    (99, 34, 9312, 81.68, 'partsupp comment'),
    (100, 50, 6167, 515.08, 'partsupp comment'),
    (100, 48, 3991, 830.95, 'partsupp comment'),
    (100, 38, 8960, 417.89, 'partsupp comment'),
    (100, 27, 4691, 439.23, 'partsupp comment'),
    (101, 6, 3205, 958.26, 'partsupp comment'),
    (101, 27, 7048, 858.49, 'partsupp comment'),
    (101, 44, 2288, 194.97, 'partsupp comment'),
    (101, 36, 342, 640.68, 'partsupp comment'),
    (102, 9, 1573, 36.78, 'partsupp comment'),
    (102, 46, 2206, 748.43, 'partsupp comment'),
    (103, 9, 438, 166.49, 'partsupp comment'),
    (103, 43, 9539, 801.31, 'partsupp comment'),
    (103, 35, 1139, 275.53, 'partsupp comment'),
    (104, 23, 4328, 638.39, 'partsupp comment'),
    (104, 12, 3975, 992.72, 'partsupp comment'),
    (104, 24, 7836, 793.4, 'partsupp comment'),
    (105, 25, 5984, 32.92, 'partsupp comment'),
    (105, 39, 6835, 754.04, 'partsupp comment'),
    (106, 9, 7997, 917.44, 'partsupp comment'),
    (106, 19, 5160, 266.67, 'partsupp comment'),
    (106, 11, 4953, 691.46, 'partsupp comment'),
    (107, 15, 242, 375.72, 'partsupp comment'),
    (107, 45, 462, 395.46, 'partsupp comment'),
    (108, 37, 5916, 465.26, 'partsupp comment'),
    (108, 29, 7962, 487.61, 'partsupp comment'),
    (109, 30, 3975, 608.5, 'partsupp comment'),
    (109, 37, 4315, 540.55, 'partsupp comment'),
    (110, 38, 721, 838.74, 'partsupp comment'),
    (110, 22, 7889, 628.7, 'partsupp comment'),
    (111, 39, 2711, 509.69, 'partsupp comment'),
    (111, 8, 170, 872.12, 'partsupp comment'),
    (112, 3, 6351, 831.64, 'partsupp comment'),
    (112, 15, 1160, 709.64, 'partsupp comment'),
    (112, 50, 8125, 865.92, 'partsupp comment'),
    (112, 48, 8055, 433.79, 'partsupp comment'),
    (113, 12, 2346, 215.55, 'partsupp comment'),
    (113, 40, 1635, 174.41, 'partsupp comment'),
    (113, 42, 1227, 200.98, 'partsupp comment'),
    (113, 10, 1028, 867.19, 'partsupp comment'),
    (114, 43, 2823, 437.34, 'partsupp comment'),
    (114, 41, 6779, 215.46, 'partsupp comment'),
    (114, 49, 830, 96.09, 'partsupp comment'),
    (114, 33, 9435, 639.74, 'partsupp comment'),
    (115, 8, 5208, 929.02, 'partsupp comment'),
    (115, 10, 2747, 650.54, 'partsupp comment'),
    (115, 22, 3799, 629.01, 'partsupp comment'),
    (116, 22, 3396, 41.16, 'partsupp comment'),
    (116, 18, 4795, 601.03, 'partsupp comment'),
    (117, 35, 3843, 436.38, 'partsupp comment'),
    (117, 48, 3125, 214.93, 'partsupp comment'),
    (117, 46, 9869, 208.12, 'partsupp comment'),
    (118, 46, 502, 215.04, 'partsupp comment'),
    (118, 9, 1106, 404.0, 'partsupp comment'),
    (118, 8, 6257, 339.11, 'partsupp comment'),
    (119, 39, 6618, 538.94, 'partsupp comment'),
    (119, 48, 3675, 190.51, 'partsupp comment'),
    (119, 47, 7378, 522.35, 'partsupp comment'),
    (120, 14, 8587, 482.02, 'partsupp comment'),
    (120, 47, 7391, 911.84, 'partsupp comment'),
    (121, 49, 3733, 860.78, 'partsupp comment'),
    (121, 1, 5880, 56.65, 'partsupp comment'),
    (121, 4, 9650, 925.02, 'partsupp comment'),
    (121, 46, 2813, 991.75, 'partsupp comment'),
    (122, 50, 9521, 577.8, 'partsupp comment'),
    (122, 41, 7124, 160.11, 'partsupp comment'),
    (123, 17, 2124, 564.74, 'partsupp comment'),
    (123, 20, 9044, 754.34, 'partsupp comment'),
    (124, 24, 5082, 474.63, 'partsupp comment'),
    (124, 26, 9255, 815.41, 'partsupp comment'),
    (125, 10, 4125, 158.81, 'partsupp comment'),
    (125, 27, 5720, 411.38, 'partsupp comment'),
    (125, 15, 5921, 486.31, 'partsupp comment'),
    (125, 45, 5218, 246.45, 'partsupp comment'),
    (126, 36, 8502, 741.56, 'partsupp comment'),
    (126, 7, 9033, 421.48, 'partsupp comment'),
    (126, 29, 1203, 240.64, 'partsupp comment'),
    (127, 47, 4963, 431.0, 'partsupp comment'),
    (127, 39, 485, 586.17, 'partsupp comment'),
    (128, 13, 6025, 32.15, 'partsupp comment'),
    (128, 27, 5956, 767.53, 'partsupp comment'),
    (128, 30, 273, 987.65, 'partsupp comment'),
    (128, 22, 6710, 473.91, 'partsupp comment'),
    (129, 12, 2155, 15.8, 'partsupp comment'),
    (129, 50, 3320, 207.57, 'partsupp comment'),
    (129, 16, 2342, 829.29, 'partsupp comment'),
    (130, 11, 9328, 171.55, 'partsupp comment'),
    (130, 12, 3441, 954.92, 'partsupp comment'),
    (130, 27, 875, 335.08, 'partsupp comment'),
    (130, 45, 7590, 51.04, 'partsupp comment'),
    (131, 15, 1170, 736.78, 'partsupp comment'),
    (131, 8, 5785, 693.55, 'partsupp comment'),
    (132, 45, 6913, 399.92, 'partsupp comment'),
    (132, 33, 6035, 810.72, 'partsupp comment'),
    (132, 49, 8483, 341.04, 'partsupp comment'),
    (133, 7, 8399, 558.88, 'partsupp comment'),
    (133, 2, 1755, 552.01, 'partsupp comment'),
    (133, 4, 2194, 681.22, 'partsupp comment'),
    (133, 8, 3745, 378.25, 'partsupp comment'),
    (134, 5, 1521, 217.43, 'partsupp comment'),
    (134, 24, 1742, 233.3, 'partsupp comment'),
    (134, 6, 6663, 971.88, 'partsupp comment'),
    (135, 43, 645, 59.64, 'partsupp comment'),
    (135, 23, 4572, 98.14, 'partsupp comment'),
    (135, 2, 4581, 193.65, 'partsupp comment'),
    (136, 28, 4163, 438.89, 'partsupp comment'),
    (136, 14, 872, 425.36, 'partsupp comment'),
    (136, 49, 1086, 957.41, 'partsupp comment'),
    (137, 26, 3829, 570.77, 'partsupp comment'),
    (137, 11, 8149, 192.72, 'partsupp comment'),
    (137, 9, 1128, 458.31, 'partsupp comment'),
    (137, 16, 4423, 56.15, 'partsupp comment'),
    (138, 30, 693, 506.08, 'partsupp comment'),
    (138, 49, 7222, 325.76, 'partsupp comment'),
    (138, 44, 8627, 947.27, 'partsupp comment'),
    (139, 29, 6124, 985.82, 'partsupp comment'),
    (139, 7, 9653, 627.65, 'partsupp comment'),
    (139, 5, 3403, 514.02, 'partsupp comment'),
    (140, 48, 8233, 670.9, 'partsupp comment'),
    (140, 42, 1456, 175.99, 'partsupp comment'),
    (140, 16, 8051, 187.91, 'partsupp comment'),
    (140, 33, 1155, 513.92, 'partsupp comment'),
    (141, 27, 7772, 501.92, 'partsupp comment'),
    (141, 23, 7891, 679.24, 'partsupp comment'),
    (142, 46, 9870, 406.75, 'partsupp comment'),
    (142, 34, 1512, 601.46, 'partsupp comment'),
    (142, 31, 4680, 804.87, 'partsupp comment'),
    (142, 2, 8124, 395.37, 'partsupp comment'),
    (143, 43, 8929, 566.51, 'partsupp comment'),
    (143, 29, 387, 873.82, 'partsupp comment'),
    (143, 35, 3538, 168.56, 'partsupp comment'),
    (143, 41, 5317, 895.57, 'partsupp comment'),
    (144, 35, 4544, 62.84, 'partsupp comment'),
    (144, 5, 908, 246.17, 'partsupp comment'),
    (144, 7, 4824, 29.13, 'partsupp comment'),
    (144, 16, 8686, 198.42, 'partsupp comment'),
    (145, 46, 3885, 834.7, 'partsupp comment'),
    (145, 37, 9190, 689.98, 'partsupp comment'),
    (145, 6, 6688, 844.67, 'partsupp comment'),
    (145, 36, 9128, 978.39, 'partsupp comment'),
    (146, 30, 804, 703.33, 'partsupp comment'),
    (146, 29, 3770, 68.95, 'partsupp comment'),
    (146, 34, 156, 598.75, 'partsupp comment'),
    (146, 4, 2210, 93.08, 'partsupp comment'),
    (147, 15, 5388, 42.45, 'partsupp comment'),
    (147, 46, 5852, 617.29, 'partsupp comment'),
    (147, 25, 714, 353.2, 'partsupp comment'),
    (147, 28, 6579, 859.83, 'partsupp comment'),
    (148, 37, 8760, 438.34, 'partsupp comment'),
    (148, 29, 8830, 956.7, 'partsupp comment'),
    (148, 42, 2125, 371.27, 'partsupp comment'),
    (149, 4, 1095, 586.79, 'partsupp comment'),
    (149, 44, 5392, 717.83, 'partsupp comment'),
    (150, 11, 367, 590.23, 'partsupp comment'),
    (150, 12, 1184, 825.31, 'partsupp comment'),
    (150, 44, 3005, 841.36, 'partsupp comment'),
    (150, 35, 8179, 360.42, 'partsupp comment'),
    (151, 48, 9147, 690.34, 'partsupp comment'),
    (151, 11, 734, 15.68, 'partsupp comment'),
    (151, 13, 124, 172.1, 'partsupp comment'),
    (152, 31, 5970, 413.88, 'partsupp comment'),
    (152, 16, 3641, 175.07, 'partsupp comment'),
    (152, 6, 5278, 537.07, 'partsupp comment'),
    (153, 33, 8762, 568.32, 'partsupp comment'),
    (153, 48, 4055, 473.19, 'partsupp comment'),
    (154, 12, 9689, 106.44, 'partsupp comment'),
    (154, 28, 6941, 670.33, 'partsupp comment'),
    (155, 6, 5210, 135.29, 'partsupp comment'),
    (155, 22, 7846, 960.13, 'partsupp comment'),
    (155, 17, 8870, 129.26, 'partsupp comment'),
    (155, 23, 6681, 250.87, 'partsupp comment'),
    (156, 30, 4185, 635.7, 'partsupp comment'),
    (156, 2, 2105, 408.63, 'partsupp comment'),
    (156, 31, 9592, 792.55, 'partsupp comment'),
    (157, 25, 6893, 392.45, 'partsupp comment'),
    (157, 36, 722, 251.34, 'partsupp comment'),
    (158, 7, 2217, 910.19, 'partsupp comment'),
    (158, 49, 6474, 882.63, 'partsupp comment'),
    (158, 14, 8155, 97.63, 'partsupp comment'),
    (159, 48, 3414, 135.63, 'partsupp comment'),
    (159, 1, 3157, 955.99, 'partsupp comment'),
    (159, 7, 2689, 235.77, 'partsupp comment'),
    (160, 28, 3633, 247.01, 'partsupp comment'),
    (160, 37, 2211, 822.62, 'partsupp comment'),
    (160, 35, 801, 947.76, 'partsupp comment'),
    (160, 17, 7228, 118.81, 'partsupp comment'),
    (161, 16, 7072, 562.82, 'partsupp comment'),
    (161, 10, 3134, 619.8, 'partsupp comment'),
    (161, 39, 5105, 903.46, 'partsupp comment'),
    (161, 8, 9207, 138.81, 'partsupp comment'),
    (162, 46, 856, 165.73, 'partsupp comment'),
    (162, 17, 5148, 729.56, 'partsupp comment'),
    (163, 32, 4452, 569.25, 'partsupp comment'),
    (163, 48, 343, 520.47, 'partsupp comment'),
    (163, 42, 8431, 291.24, 'partsupp comment'),
    (163, 20, 2276, 964.41, 'partsupp comment'),
    (164, 12, 8698, 910.26, 'partsupp comment'),
    (164, 6, 2628, 23.06, 'partsupp comment'),
    (164, 19, 7359, 521.5, 'partsupp comment'),
    (165, 35, 5686, 364.43, 'partsupp comment'),
    (165, 43, 7700, 560.41, 'partsupp comment'),
    (165, 27, 2129, 128.87, 'partsupp comment'),
    (165, 11, 8225, 201.04, 'partsupp comment'),
    (166, 36, 1235, 592.76, 'partsupp comment'),
    (166, 44, 8876, 748.22, 'partsupp comment'),
    (166, 8, 903, 152.0, 'partsupp comment'),
    (167, 10, 6286, 933.05, 'partsupp comment'),
    (167, 5, 4975, 947.87, 'partsupp comment'),
    (167, 44, 2432, 628.85, 'partsupp comment'),
    (168, 13, 4989, 69.85, 'partsupp comment'),
    (168, 46, 454, 625.21, 'partsupp comment'),
    (169, 45, 7599, 413.29, 'partsupp comment'),
    (169, 16, 2358, 774.51, 'partsupp comment'),
    (169, 4, 1597, 788.67, 'partsupp comment'),
    (169, 14, 8008, 729.99, 'partsupp comment'),
    (170, 17, 222, 483.49, 'partsupp comment'),
    (170, 28, 4261, 17.36, 'partsupp comment'),
    (170, 47, 2270, 215.45, 'partsupp comment'),
    (171, 50, 5563, 190.25, 'partsupp comment'),
    (171, 40, 3450, 764.55, 'partsupp comment'),
    (172, 40, 5992, 33.31, 'partsupp comment'),
    (172, 23, 3613, 291.8, 'partsupp comment'),
    (172, 44, 3792, 539.32, 'partsupp comment'),
    (172, 39, 5005, 610.36, 'partsupp comment'),
    (173, 6, 1903, 949.04, 'partsupp comment'),
    (173, 33, 4122, 555.06, 'partsupp comment'),
    (173, 50, 2252, 55.45, 'partsupp comment'),
    (173, 35, 7568, 875.03, 'partsupp comment'),
    (174, 16, 167, 175.96, 'partsupp comment'),
    (174, 27, 3971, 219.27, 'partsupp comment'),
    (174, 29, 7603, 615.05, 'partsupp comment'),
    (175, 11, 2823, 743.2, 'partsupp comment'),
    (175, 41, 4292, 497.1, 'partsupp comment'),
    (175, 1, 8162, 421.52, 'partsupp comment'),
    (175, 6, 596, 313.72, 'partsupp comment'),
    (176, 24, 7898, 459.8, 'partsupp comment'),
    (176, 31, 7347, 157.77, 'partsupp comment'),
    (176, 36, 5403, 826.44, 'partsupp comment'),
    (176, 13, 5302, 174.72, 'partsupp comment'),
    (177, 27, 8534, 978.03, 'partsupp comment'),
    (177, 38, 722, 730.28, 'partsupp comment'),
    (177, 48, 1176, 182.14, 'partsupp comment'),
    (178, 9, 7879, 930.3, 'partsupp comment'),
    (178, 13, 5114, 301.73, 'partsupp comment'),
    (179, 46, 9551, 505.88, 'partsupp comment'),
    (179, 50, 9838, 985.04, 'partsupp comment'),
    (179, 4, 9592, 47.15, 'partsupp comment'),
    (180, 35, 507, 70.01, 'partsupp comment'),
    (180, 44, 3464, 754.73, 'partsupp comment'),
    (181, 11, 8949, 932.21, 'partsupp comment'),
    (181, 41, 746, 860.83, 'partsupp comment'),
    (181, 23, 2980, 746.99, 'partsupp comment'),
    (181, 29, 4669, 831.69, 'partsupp comment'),
    (182, 38, 9640, 344.34, 'partsupp comment'),
    (182, 2, 7836, 386.64, 'partsupp comment'),
    (183, 36, 9434, 190.6, 'partsupp comment'),
    (183, 19, 6571, 706.03, 'partsupp comment'),
    (184, 13, 180, 981.32, 'partsupp comment'),
    (184, 40, 4924, 938.81, 'partsupp comment'),
    (185, 40, 9751, 63.53, 'partsupp comment'),
    (185, 39, 9864, 164.52, 'partsupp comment'),
    (185, 19, 4256, 895.5, 'partsupp comment'),
    (186, 2, 1089, 490.9, 'partsupp comment'),
    (186, 5, 4580, 473.26, 'partsupp comment'),
    (186, 29, 2055, 404.93, 'partsupp comment'),
    (186, 19, 7508, 822.56, 'partsupp comment'),
    (187, 7, 3808, 897.78, 'partsupp comment'),
    (187, 27, 9266, 195.46, 'partsupp comment'),
    (187, 43, 6070, 206.85, 'partsupp comment'),
    (188, 3, 7635, 173.45, 'partsupp comment'),
    (188, 21, 7216, 400.93, 'partsupp comment'),
    (189, 50, 3207, 582.66, 'partsupp comment'),
    (189, 14, 7117, 876.69, 'partsupp comment'),
    (189, 11, 8329, 178.18, 'partsupp comment'),
    (189, 1, 8987, 41.89, 'partsupp comment'),
    (190, 5, 4330, 992.83, 'partsupp comment'),
    (190, 9, 6019, 15.14, 'partsupp comment'),
    (190, 24, 5197, 696.75, 'partsupp comment'),
    (191, 29, 8325, 345.22, 'partsupp comment'),
    (191, 15, 4445, 729.35, 'partsupp comment'),
    (191, 7, 868, 183.36, 'partsupp comment'),
    (192, 24, 1725, 566.4, 'partsupp comment'),
    (192, 19, 497, 868.07, 'partsupp comment'),
    (192, 20, 8163, 905.22, 'partsupp comment'),
    (193, 38, 6043, 884.87, 'partsupp comment'),
    (193, 36, 6402, 218.67, 'partsupp comment'),
    (193, 14, 2716, 964.22, 'partsupp comment'),
    (193, 3, 6843, 68.97, 'partsupp comment'),
    (194, 8, 1033, 316.77, 'partsupp comment'),
    (194, 25, 1188, 837.88, 'partsupp comment'),
    (194, 36, 5978, 823.45, 'partsupp comment'),
    (195, 26, 4103, 897.71, 'partsupp comment'),
    (195, 19, 391, 677.28, 'partsupp comment'),
    (196, 30, 6491, 818.13, 'partsupp comment'),
    (196, 5, 9129, 320.76, 'partsupp comment'),
    (196, 33, 5894, 882.95, 'partsupp comment'),
    (196, 25, 9118, 402.54, 'partsupp comment'),
    (197, 30, 6634, 631.0, 'partsupp comment'),
    (197, 33, 2148, 984.52, 'partsupp comment'),
    (197, 24, 1656, 773.94, 'partsupp comment'),
    (197, 43, 1485, 945.06, 'partsupp comment'),
    (198, 9, 4112, 830.1, 'partsupp comment'),
    (198, 45, 9617, 59.17, 'partsupp comment'),
    (198, 28, 6104, 321.39, 'partsupp comment'),
    (199, 20, 2575, 714.04, 'partsupp comment'),
    (199, 46, 788, 314.5, 'partsupp comment'),
    (199, 2, 7879, 389.44, 'partsupp comment'),
    (199, 41, 1653, 49.97, 'partsupp comment'),
    (200, 12, 4020, 837.46, 'partsupp comment'),
    (200, 6, 1538, 23.73, 'partsupp comment');

-- Additional LineItem Data
INSERT INTO lineitem VALUES
    (11, 134, 19, 1, 25, 26718.5, 0.07, 0.05, 'A', 'F', '1997-12-18', '1997-11-29', '1997-12-29', 'NONE', 'SHIP', 'lineitem comment'),
    (11, 94, 34, 2, 2, 3676.7, 0.04, 0.01, 'R', 'O', '1996-02-24', '1996-02-02', '1996-03-13', 'NONE', 'TRUCK', 'lineitem comment'),
    (12, 119, 20, 1, 18, 22551.12, 0.03, 0.03, 'N', 'F', '1996-03-06', '1996-02-29', '1996-03-31', 'TAKE BACK RETURN', 'SHIP', 'lineitem comment'),
    (12, 175, 22, 2, 43, 82972.37, 0.09, 0.06, 'N', 'F', '1992-04-17', '1992-03-30', '1992-04-26', 'NONE', 'AIR', 'lineitem comment'),
    (12, 76, 42, 3, 8, 7360.24, 0.05, 0.06, 'N', 'F', '1993-09-15', '1993-08-20', '1993-10-10', 'DELIVER IN PERSON', 'RAIL', 'lineitem comment'),
    (13, 140, 27, 1, 34, 36174.98, 0.05, 0.02, 'R', 'F', '1997-02-09', '1997-01-10', '1997-03-08', 'COLLECT COD', 'TRUCK', 'lineitem comment'),
    (13, 190, 35, 2, 16, 27401.76, 0.05, 0.03, 'A', 'F', '1998-05-22', '1998-05-09', '1998-05-25', 'NONE', 'SHIP', 'lineitem comment'),
    (14, 189, 23, 1, 13, 19760.26, 0.05, 0.04, 'N', 'F', '1994-06-03', '1994-05-26', '1994-06-21', 'COLLECT COD', 'TRUCK', 'lineitem comment'),
    (14, 91, 24, 2, 42, 39479.16, 0.04, 0.03, 'N', 'O', '1994-06-10', '1994-05-22', '1994-06-30', 'DELIVER IN PERSON', 'AIR', 'lineitem comment'),
    (14, 74, 43, 3, 32, 49866.56, 0.06, 0.06, 'N', 'F', '1996-08-11', '1996-07-20', '1996-09-06', 'DELIVER IN PERSON', 'FOB', 'lineitem comment'),
    (14, 99, 49, 4, 8, 9288.32, 0.08, 0.04, 'N', 'O', '1996-08-09', '1996-07-22', '1996-08-21', 'COLLECT COD', 'MAIL', 'lineitem comment'),
    (14, 15, 35, 5, 38, 45108.28, 0.02, 0.07, 'R', 'O', '1998-07-16', '1998-06-22', '1998-08-10', 'DELIVER IN PERSON', 'SHIP', 'lineitem comment'),
    (15, 159, 19, 1, 11, 13184.93, 0.08, 0.01, 'A', 'F', '1993-01-01', '1992-12-03', '1993-01-22', 'NONE', 'RAIL', 'lineitem comment'),
    (16, 114, 7, 1, 31, 55840.92, 0.0, 0.04, 'A', 'F', '1993-01-21', '1993-01-08', '1993-02-01', 'DELIVER IN PERSON', 'REG AIR', 'lineitem comment'),
    (16, 18, 25, 2, 38, 34631.3, 0.08, 0.02, 'N', 'F', '1996-07-29', '1996-07-07', '1996-08-22', 'TAKE BACK RETURN', 'FOB', 'lineitem comment'),
    (16, 157, 48, 3, 26, 31226.26, 0.07, 0.03, 'A', 'O', '1996-05-14', '1996-04-21', '1996-06-09', 'COLLECT COD', 'MAIL', 'lineitem comment'),
    (16, 91, 12, 4, 16, 14662.08, 0.03, 0.02, 'N', 'O', '1998-03-26', '1998-03-22', '1998-04-20', 'COLLECT COD', 'SHIP', 'lineitem comment'),
    (17, 170, 23, 1, 45, 57214.8, 0.02, 0.06, 'N', 'O', '1993-01-25', '1993-01-20', '1993-02-10', 'TAKE BACK RETURN', 'RAIL', 'lineitem comment'),
    (17, 141, 45, 2, 47, 84292.62, 0.04, 0.04, 'N', 'O', '1994-08-12', '1994-07-15', '1994-08-22', 'COLLECT COD', 'AIR', 'lineitem comment'),
    (18, 170, 2, 1, 12, 16674.96, 0.01, 0.08, 'N', 'O', '1998-09-06', '1998-08-11', '1998-09-16', 'TAKE BACK RETURN', 'SHIP', 'lineitem comment'),
    (18, 34, 37, 2, 26, 43622.54, 0.05, 0.04, 'R', 'O', '1996-12-12', '1996-12-06', '1996-12-19', 'DELIVER IN PERSON', 'REG AIR', 'lineitem comment'),
    (18, 34, 5, 3, 33, 45702.69, 0.02, 0.03, 'R', 'O', '1992-09-23', '1992-09-03', '1992-09-28', 'DELIVER IN PERSON', 'RAIL', 'lineitem comment'),
    (18, 73, 2, 4, 1, 1717.7, 0.1, 0.05, 'R', 'O', '1996-07-12', '1996-07-09', '1996-07-17', 'DELIVER IN PERSON', 'MAIL', 'lineitem comment'),
    (19, 99, 38, 1, 18, 23313.6, 0.07, 0.08, 'R', 'O', '1993-08-24', '1993-08-12', '1993-09-21', 'COLLECT COD', 'MAIL', 'lineitem comment'),
    (19, 2, 37, 2, 25, 24023.25, 0.01, 0.01, 'R', 'O', '1995-11-01', '1995-10-06', '1995-11-16', 'TAKE BACK RETURN', 'MAIL', 'lineitem comment'),
    (19, 166, 30, 3, 49, 64310.05, 0.08, 0.03, 'N', 'F', '1996-02-03', '1996-01-24', '1996-02-22', 'DELIVER IN PERSON', 'RAIL', 'lineitem comment'),
    (19, 86, 18, 4, 49, 77405.79, 0.03, 0.02, 'R', 'O', '1992-08-07', '1992-08-06', '1992-08-12', 'DELIVER IN PERSON', 'SHIP', 'lineitem comment'),
    (20, 178, 22, 1, 6, 6885.42, 0.04, 0.04, 'A', 'O', '1995-04-01', '1995-03-10', '1995-04-18', 'DELIVER IN PERSON', 'RAIL', 'lineitem comment'),
    (20, 65, 34, 2, 35, 45159.8, 0.04, 0.04, 'A', 'F', '1997-06-11', '1997-05-18', '1997-06-27', 'TAKE BACK RETURN', 'FOB', 'lineitem comment'),
    (20, 114, 46, 3, 9, 13014.36, 0.0, 0.04, 'A', 'F', '1997-09-17', '1997-09-01', '1997-10-12', 'NONE', 'AIR', 'lineitem comment'),
    (20, 126, 35, 4, 37, 35533.69, 0.02, 0.03, 'R', 'O', '1996-12-30', '1996-12-24', '1997-01-25', 'DELIVER IN PERSON', 'RAIL', 'lineitem comment'),
    (21, 11, 9, 1, 39, 36421.71, 0.07, 0.01, 'N', 'F', '1995-05-08', '1995-04-18', '1995-06-06', 'DELIVER IN PERSON', 'FOB', 'lineitem comment'),
    (21, 79, 24, 2, 1, 1687.98, 0.06, 0.03, 'R', 'O', '1992-10-06', '1992-09-26', '1992-10-18', 'TAKE BACK RETURN', 'SHIP', 'lineitem comment'),
    (22, 46, 41, 1, 35, 59544.8, 0.08, 0.01, 'N', 'O', '1998-01-27', '1998-01-08', '1998-01-30', 'COLLECT COD', 'FOB', 'lineitem comment'),
    (22, 34, 28, 2, 29, 56751.26, 0.08, 0.01, 'R', 'O', '1993-01-05', '1992-12-24', '1993-01-30', 'COLLECT COD', 'AIR', 'lineitem comment'),
    (22, 35, 2, 3, 32, 33996.16, 0.02, 0.08, 'N', 'O', '1996-11-15', '1996-10-17', '1996-12-06', 'NONE', 'REG AIR', 'lineitem comment'),
    (22, 8, 37, 4, 5, 8673.05, 0.02, 0.03, 'N', 'F', '1993-08-21', '1993-08-07', '1993-08-22', 'DELIVER IN PERSON', 'REG AIR', 'lineitem comment'),
    (23, 142, 29, 1, 16, 23872.16, 0.01, 0.0, 'N', 'O', '1992-08-22', '1992-08-13', '1992-09-06', 'DELIVER IN PERSON', 'TRUCK', 'lineitem comment'),
    (23, 192, 17, 2, 22, 25562.24, 0.09, 0.04, 'R', 'F', '1997-09-18', '1997-08-21', '1997-10-10', 'DELIVER IN PERSON', 'AIR', 'lineitem comment'),
    (23, 152, 3, 3, 24, 46584.72, 0.03, 0.04, 'N', 'F', '1992-03-19', '1992-02-27', '1992-04-10', 'TAKE BACK RETURN', 'AIR', 'lineitem comment'),
    (23, 151, 16, 4, 43, 48793.39, 0.05, 0.01, 'R', 'O', '1998-06-10', '1998-06-07', '1998-06-25', 'COLLECT COD', 'AIR', 'lineitem comment'),
    (23, 156, 44, 5, 34, 64891.04, 0.02, 0.05, 'A', 'O', '1993-07-13', '1993-06-29', '1993-07-25', 'DELIVER IN PERSON', 'SHIP', 'lineitem comment'),
    (24, 101, 9, 1, 1, 1528.6, 0.07, 0.0, 'A', 'O', '1998-01-20', '1997-12-24', '1998-02-07', 'TAKE BACK RETURN', 'FOB', 'lineitem comment'),
    (25, 70, 14, 1, 6, 6819.84, 0.05, 0.06, 'N', 'O', '1994-03-04', '1994-02-20', '1994-03-06', 'COLLECT COD', 'REG AIR', 'lineitem comment'),
    (25, 109, 26, 2, 44, 43343.96, 0.08, 0.05, 'A', 'O', '1996-02-22', '1996-02-05', '1996-03-02', 'NONE', 'MAIL', 'lineitem comment'),
    (25, 154, 12, 3, 16, 23936.0, 0.08, 0.05, 'A', 'O', '1993-04-07', '1993-03-25', '1993-05-03', 'NONE', 'RAIL', 'lineitem comment'),
    (25, 31, 38, 4, 16, 31422.08, 0.03, 0.0, 'N', 'F', '1995-01-29', '1995-01-13', '1995-02-19', 'NONE', 'RAIL', 'lineitem comment'),
    (25, 150, 18, 5, 47, 58514.06, 0.02, 0.02, 'A', 'F', '1997-05-11', '1997-04-26', '1997-05-22', 'DELIVER IN PERSON', 'FOB', 'lineitem comment'),
    (26, 104, 24, 1, 50, 91661.5, 0.08, 0.04, 'R', 'F', '1998-03-12', '1998-03-06', '1998-04-04', 'TAKE BACK RETURN', 'RAIL', 'lineitem comment'),
    (26, 120, 48, 2, 17, 17141.61, 0.08, 0.04, 'R', 'O', '1998-05-15', '1998-04-19', '1998-05-20', 'DELIVER IN PERSON', 'RAIL', 'lineitem comment'),
    (27, 120, 48, 1, 29, 38484.74, 0.05, 0.06, 'A', 'F', '1992-11-23', '1992-11-05', '1992-12-15', 'COLLECT COD', 'REG AIR', 'lineitem comment'),
    (28, 115, 3, 1, 23, 24819.3, 0.08, 0.05, 'A', 'O', '1996-11-07', '1996-10-24', '1996-11-12', 'COLLECT COD', 'SHIP', 'lineitem comment'),
    (29, 192, 2, 1, 21, 38669.19, 0.03, 0.08, 'A', 'F', '1994-11-18', '1994-10-19', '1994-11-26', 'NONE', 'FOB', 'lineitem comment'),
    (29, 34, 24, 2, 43, 79165.58, 0.04, 0.07, 'N', 'O', '1992-02-10', '1992-01-31', '1992-02-18', 'DELIVER IN PERSON', 'TRUCK', 'lineitem comment'),
    (29, 105, 27, 3, 50, 59086.0, 0.01, 0.07, 'R', 'O', '1996-06-12', '1996-05-24', '1996-07-09', 'TAKE BACK RETURN', 'FOB', 'lineitem comment'),
    (29, 41, 48, 4, 8, 9493.12, 0.06, 0.0, 'N', 'F', '1992-02-26', '1992-02-16', '1992-02-29', 'COLLECT COD', 'FOB', 'lineitem comment'),
    (29, 84, 1, 5, 25, 44005.25, 0.09, 0.06, 'A', 'O', '1992-09-16', '1992-08-21', '1992-09-30', 'COLLECT COD', 'MAIL', 'lineitem comment'),
    (30, 62, 6, 1, 4, 3727.68, 0.08, 0.02, 'R', 'O', '1995-02-13', '1995-01-19', '1995-03-14', 'DELIVER IN PERSON', 'MAIL', 'lineitem comment'),
    (30, 60, 27, 2, 45, 87134.4, 0.02, 0.04, 'R', 'F', '1993-10-04', '1993-09-12', '1993-11-01', 'TAKE BACK RETURN', 'RAIL', 'lineitem comment'),
    (30, 160, 5, 3, 25, 41515.0, 0.08, 0.04, 'N', 'O', '1996-11-07', '1996-11-05', '1996-12-05', 'COLLECT COD', 'RAIL', 'lineitem comment'),
    (30, 36, 43, 4, 50, 98190.0, 0.05, 0.03, 'R', 'F', '1995-09-12', '1995-08-14', '1995-09-15', 'DELIVER IN PERSON', 'MAIL', 'lineitem comment'),
    (30, 50, 14, 5, 7, 8400.14, 0.08, 0.03, 'R', 'O', '1995-06-03', '1995-05-06', '1995-06-23', 'DELIVER IN PERSON', 'FOB', 'lineitem comment'),
    (31, 81, 35, 1, 47, 70099.56, 0.09, 0.06, 'R', 'O', '1994-08-26', '1994-08-18', '1994-09-16', 'NONE', 'RAIL', 'lineitem comment'),
    (31, 139, 28, 2, 25, 45487.25, 0.1, 0.01, 'A', 'O', '1992-02-05', '1992-01-25', '1992-02-24', 'TAKE BACK RETURN', 'REG AIR', 'lineitem comment'),
    (31, 161, 42, 3, 49, 55605.69, 0.07, 0.05, 'N', 'O', '1995-06-15', '1995-05-30', '1995-07-14', 'NONE', 'AIR', 'lineitem comment'),
    (31, 152, 12, 4, 11, 19431.94, 0.02, 0.06, 'A', 'O', '1993-04-29', '1993-04-12', '1993-05-13', 'NONE', 'TRUCK', 'lineitem comment'),
    (32, 55, 31, 1, 1, 1676.34, 0.06, 0.07, 'N', 'O', '1993-03-30', '1993-03-27', '1993-04-12', 'COLLECT COD', 'SHIP', 'lineitem comment'),
    (32, 146, 46, 2, 22, 35139.06, 0.09, 0.03, 'A', 'F', '1996-09-08', '1996-08-11', '1996-09-22', 'DELIVER IN PERSON', 'AIR', 'lineitem comment'),
    (32, 156, 46, 3, 44, 87160.48, 0.02, 0.02, 'R', 'O', '1992-01-14', '1992-01-10', '1992-02-07', 'COLLECT COD', 'TRUCK', 'lineitem comment'),
    (33, 92, 6, 1, 34, 30981.82, 0.08, 0.01, 'R', 'O', '1998-07-27', '1998-07-14', '1998-08-15', 'DELIVER IN PERSON', 'MAIL', 'lineitem comment'),
    (33, 68, 4, 2, 42, 79679.88, 0.01, 0.04, 'N', 'O', '1996-01-08', '1995-12-29', '1996-01-19', 'DELIVER IN PERSON', 'SHIP', 'lineitem comment'),
    (33, 164, 50, 3, 21, 27945.12, 0.07, 0.01, 'A', 'F', '1993-06-17', '1993-06-15', '1993-07-07', 'COLLECT COD', 'REG AIR', 'lineitem comment'),
    (33, 179, 17, 4, 32, 54477.44, 0.04, 0.05, 'R', 'F', '1993-02-27', '1993-02-05', '1993-03-15', 'NONE', 'FOB', 'lineitem comment'),
    (34, 48, 17, 1, 21, 27314.49, 0.07, 0.05, 'R', 'O', '1998-01-15', '1998-01-11', '1998-01-26', 'NONE', 'TRUCK', 'lineitem comment'),
    (34, 107, 23, 2, 38, 52884.6, 0.1, 0.0, 'A', 'O', '1997-08-21', '1997-08-05', '1997-08-26', 'TAKE BACK RETURN', 'REG AIR', 'lineitem comment'),
    (35, 86, 12, 1, 49, 58897.02, 0.04, 0.07, 'N', 'O', '1995-01-22', '1995-01-04', '1995-01-24', 'NONE', 'SHIP', 'lineitem comment'),
    (36, 136, 15, 1, 4, 4077.92, 0.07, 0.0, 'A', 'F', '1994-10-02', '1994-09-22', '1994-10-08', 'COLLECT COD', 'RAIL', 'lineitem comment'),
    (36, 148, 30, 2, 19, 22852.44, 0.03, 0.03, 'A', 'O', '1994-06-11', '1994-05-17', '1994-07-06', 'COLLECT COD', 'AIR', 'lineitem comment'),
    (36, 73, 21, 3, 25, 33585.0, 0.08, 0.06, 'A', 'O', '1993-06-24', '1993-05-29', '1993-07-09', 'COLLECT COD', 'REG AIR', 'lineitem comment'),
    (36, 97, 12, 4, 7, 8860.32, 0.04, 0.01, 'N', 'F', '1997-02-04', '1997-01-18', '1997-02-08', 'COLLECT COD', 'SHIP', 'lineitem comment'),
    (37, 28, 8, 1, 38, 72681.46, 0.08, 0.02, 'A', 'F', '1998-09-21', '1998-09-15', '1998-10-18', 'DELIVER IN PERSON', 'TRUCK', 'lineitem comment'),
    (37, 78, 33, 2, 40, 63059.2, 0.09, 0.03, 'N', 'O', '1998-05-06', '1998-04-27', '1998-05-07', 'DELIVER IN PERSON', 'FOB', 'lineitem comment'),
    (37, 154, 19, 3, 49, 68266.8, 0.01, 0.03, 'A', 'O', '1996-08-25', '1996-08-13', '1996-09-11', 'NONE', 'REG AIR', 'lineitem comment'),
    (38, 30, 18, 1, 46, 44826.08, 0.08, 0.0, 'A', 'O', '1996-02-14', '1996-01-29', '1996-03-03', 'TAKE BACK RETURN', 'TRUCK', 'lineitem comment'),
    (38, 177, 23, 2, 35, 51875.95, 0.08, 0.02, 'N', 'O', '1998-10-30', '1998-10-11', '1998-11-21', 'NONE', 'AIR', 'lineitem comment'),
    (38, 155, 5, 3, 6, 6402.36, 0.01, 0.01, 'N', 'F', '1993-03-08', '1993-03-05', '1993-03-16', 'TAKE BACK RETURN', 'SHIP', 'lineitem comment'),
    (38, 172, 30, 4, 1, 1112.81, 0.02, 0.08, 'R', 'O', '1997-04-13', '1997-04-11', '1997-04-23', 'DELIVER IN PERSON', 'AIR', 'lineitem comment'),
    (39, 167, 6, 1, 30, 40539.9, 0.07, 0.05, 'A', 'O', '1993-01-21', '1993-01-07', '1993-02-10', 'COLLECT COD', 'MAIL', 'lineitem comment'),
    (40, 132, 5, 1, 39, 75658.44, 0.01, 0.04, 'A', 'O', '1997-11-29', '1997-11-16', '1997-12-02', 'TAKE BACK RETURN', 'TRUCK', 'lineitem comment'),
    (40, 22, 45, 2, 26, 36904.66, 0.01, 0.02, 'A', 'O', '1992-08-01', '1992-07-24', '1992-08-24', 'DELIVER IN PERSON', 'AIR', 'lineitem comment'),
    (41, 122, 33, 1, 36, 69438.6, 0.05, 0.06, 'R', 'O', '1993-05-16', '1993-05-13', '1993-05-27', 'NONE', 'AIR', 'lineitem comment'),
    (41, 173, 28, 2, 12, 16794.36, 0.06, 0.03, 'R', 'F', '1997-04-03', '1997-03-31', '1997-04-17', 'COLLECT COD', 'MAIL', 'lineitem comment'),
    (41, 101, 37, 3, 24, 38809.68, 0.06, 0.04, 'N', 'F', '1997-10-05', '1997-09-14', '1997-10-23', 'COLLECT COD', 'RAIL', 'lineitem comment'),
    (41, 198, 44, 4, 33, 36880.47, 0.08, 0.07, 'N', 'O', '1996-02-11', '1996-01-16', '1996-02-29', 'NONE', 'SHIP', 'lineitem comment'),
    (41, 156, 21, 5, 41, 60225.72, 0.07, 0.01, 'R', 'O', '1994-08-04', '1994-07-12', '1994-08-30', 'TAKE BACK RETURN', 'TRUCK', 'lineitem comment'),
    (42, 93, 24, 1, 7, 7094.64, 0.03, 0.08, 'A', 'O', '1998-09-30', '1998-09-21', '1998-10-05', 'DELIVER IN PERSON', 'RAIL', 'lineitem comment'),
    (42, 2, 16, 2, 41, 45801.51, 0.09, 0.04, 'R', 'F', '1996-10-22', '1996-10-16', '1996-11-12', 'DELIVER IN PERSON', 'MAIL', 'lineitem comment'),
    (42, 197, 1, 3, 20, 24577.2, 0.08, 0.05, 'N', 'F', '1995-02-12', '1995-01-24', '1995-03-01', 'COLLECT COD', 'FOB', 'lineitem comment'),
    (42, 15, 15, 4, 40, 60574.8, 0.09, 0.03, 'R', 'O', '1994-01-22', '1994-01-05', '1994-02-10', 'TAKE BACK RETURN', 'RAIL', 'lineitem comment'),
    (42, 140, 2, 5, 44, 64107.12, 0.07, 0.05, 'A', 'F', '1992-08-24', '1992-08-02', '1992-09-22', 'TAKE BACK RETURN', 'MAIL', 'lineitem comment'),
    (43, 134, 3, 1, 19, 35054.43, 0.02, 0.03, 'N', 'O', '1992-03-12', '1992-02-11', '1992-03-24', 'NONE', 'AIR', 'lineitem comment'),
    (43, 145, 50, 2, 44, 67045.0, 0.1, 0.04, 'A', 'O', '1993-02-05', '1993-01-07', '1993-02-07', 'DELIVER IN PERSON', 'AIR', 'lineitem comment'),
    (43, 15, 24, 3, 29, 48100.27, 0.08, 0.07, 'N', 'F', '1993-07-09', '1993-06-15', '1993-07-11', 'COLLECT COD', 'FOB', 'lineitem comment'),
    (44, 113, 31, 1, 36, 63831.24, 0.01, 0.02, 'A', 'F', '1997-07-11', '1997-06-16', '1997-07-29', 'DELIVER IN PERSON', 'TRUCK', 'lineitem comment'),
    (44, 161, 20, 2, 12, 22276.8, 0.02, 0.01, 'N', 'O', '1995-08-20', '1995-08-01', '1995-08-23', 'NONE', 'MAIL', 'lineitem comment'),
    (44, 197, 24, 3, 6, 7681.62, 0.09, 0.06, 'A', 'O', '1994-06-07', '1994-05-27', '1994-06-26', 'DELIVER IN PERSON', 'REG AIR', 'lineitem comment'),
    (45, 5, 31, 1, 25, 40211.25, 0.1, 0.03, 'R', 'O', '1997-07-07', '1997-07-06', '1997-07-11', 'COLLECT COD', 'REG AIR', 'lineitem comment'),
    (45, 132, 44, 2, 14, 19237.4, 0.02, 0.07, 'N', 'F', '1992-11-19', '1992-10-31', '1992-12-06', 'TAKE BACK RETURN', 'RAIL', 'lineitem comment'),
    (45, 65, 26, 3, 6, 8293.2, 0.08, 0.03, 'N', 'F', '1992-10-04', '1992-09-22', '1992-10-13', 'COLLECT COD', 'MAIL', 'lineitem comment'),
    (45, 53, 26, 4, 45, 76902.75, 0.1, 0.06, 'A', 'O', '1997-12-09', '1997-12-02', '1997-12-16', 'NONE', 'SHIP', 'lineitem comment'),
    (46, 84, 14, 1, 26, 44459.22, 0.05, 0.04, 'N', 'F', '1997-12-28', '1997-12-01', '1998-01-20', 'COLLECT COD', 'SHIP', 'lineitem comment'),
    (47, 180, 27, 1, 35, 33086.2, 0.08, 0.0, 'R', 'O', '1995-08-28', '1995-08-01', '1995-09-01', 'COLLECT COD', 'SHIP', 'lineitem comment'),
    (47, 78, 6, 2, 36, 36740.88, 0.04, 0.02, 'A', 'F', '1993-06-23', '1993-06-16', '1993-07-05', 'COLLECT COD', 'RAIL', 'lineitem comment'),
    (48, 182, 39, 1, 20, 18487.8, 0.02, 0.06, 'N', 'O', '1995-11-25', '1995-11-20', '1995-12-02', 'TAKE BACK RETURN', 'FOB', 'lineitem comment'),
    (48, 18, 25, 2, 26, 50100.7, 0.09, 0.06, 'R', 'O', '1993-10-25', '1993-10-02', '1993-11-07', 'TAKE BACK RETURN', 'MAIL', 'lineitem comment'),
    (48, 22, 16, 3, 33, 42403.02, 0.01, 0.01, 'N', 'F', '1992-04-04', '1992-03-30', '1992-04-06', 'NONE', 'MAIL', 'lineitem comment'),
    (49, 23, 16, 1, 38, 69199.52, 0.06, 0.07, 'N', 'O', '1995-04-17', '1995-04-15', '1995-04-22', 'COLLECT COD', 'AIR', 'lineitem comment'),
    (49, 139, 40, 2, 21, 31300.71, 0.03, 0.04, 'N', 'F', '1995-06-27', '1995-06-01', '1995-07-15', 'NONE', 'MAIL', 'lineitem comment'),
    (50, 146, 1, 1, 42, 79560.18, 0.0, 0.04, 'R', 'F', '1993-10-08', '1993-09-29', '1993-10-26', 'TAKE BACK RETURN', 'RAIL', 'lineitem comment'),
    (50, 186, 39, 2, 29, 55707.84, 0.01, 0.02, 'R', 'F', '1993-09-09', '1993-09-01', '1993-09-27', 'COLLECT COD', 'FOB', 'lineitem comment'),
    (51, 35, 31, 1, 24, 39985.2, 0.08, 0.02, 'A', 'O', '1996-06-06', '1996-05-18', '1996-06-27', 'DELIVER IN PERSON', 'RAIL', 'lineitem comment'),
    (51, 63, 40, 2, 46, 58592.04, 0.0, 0.0, 'A', 'O', '1992-12-04', '1992-11-04', '1992-12-14', 'TAKE BACK RETURN', 'FOB', 'lineitem comment'),
    (51, 5, 38, 3, 43, 66153.78, 0.03, 0.03, 'A', 'O', '1993-01-19', '1992-12-24', '1993-02-10', 'TAKE BACK RETURN', 'REG AIR', 'lineitem comment'),
    (52, 108, 1, 1, 1, 1589.75, 0.02, 0.03, 'N', 'F', '1995-03-25', '1995-03-06', '1995-04-12', 'DELIVER IN PERSON', 'RAIL', 'lineitem comment'),
    (52, 95, 31, 2, 49, 72310.77, 0.05, 0.02, 'N', 'O', '1996-05-16', '1996-05-01', '1996-05-22', 'COLLECT COD', 'FOB', 'lineitem comment'),
    (52, 140, 43, 3, 6, 8721.84, 0.1, 0.01, 'A', 'O', '1995-01-28', '1995-01-26', '1995-02-24', 'TAKE BACK RETURN', 'TRUCK', 'lineitem comment'),
    (52, 93, 50, 4, 8, 10587.6, 0.01, 0.05, 'A', 'F', '1996-07-15', '1996-06-18', '1996-08-07', 'NONE', 'FOB', 'lineitem comment'),
    (53, 48, 14, 1, 50, 94121.5, 0.0, 0.05, 'N', 'F', '1998-03-08', '1998-02-26', '1998-03-20', 'DELIVER IN PERSON', 'RAIL', 'lineitem comment'),
    (53, 91, 30, 2, 26, 42079.7, 0.08, 0.07, 'A', 'F', '1998-08-19', '1998-08-10', '1998-09-15', 'DELIVER IN PERSON', 'MAIL', 'lineitem comment'),
    (53, 69, 18, 3, 22, 24172.94, 0.06, 0.08, 'N', 'O', '1995-04-10', '1995-03-13', '1995-04-19', 'COLLECT COD', 'MAIL', 'lineitem comment'),
    (54, 75, 17, 1, 26, 41973.36, 0.09, 0.03, 'A', 'O', '1994-04-28', '1994-04-09', '1994-05-14', 'TAKE BACK RETURN', 'TRUCK', 'lineitem comment'),
    (54, 79, 4, 2, 22, 21524.58, 0.07, 0.0, 'N', 'F', '1994-04-11', '1994-03-31', '1994-04-28', 'TAKE BACK RETURN', 'MAIL', 'lineitem comment'),
    (54, 26, 44, 3, 37, 48552.51, 0.05, 0.06, 'R', 'F', '1996-10-03', '1996-09-09', '1996-10-22', 'NONE', 'SHIP', 'lineitem comment'),
    (54, 151, 16, 4, 30, 44824.8, 0.05, 0.0, 'N', 'F', '1996-01-17', '1995-12-21', '1996-02-02', 'COLLECT COD', 'RAIL', 'lineitem comment'),
    (55, 191, 17, 1, 1, 1680.15, 0.03, 0.01, 'A', 'F', '1993-04-01', '1993-03-06', '1993-04-05', 'COLLECT COD', 'FOB', 'lineitem comment'),
    (55, 138, 25, 2, 18, 34204.68, 0.03, 0.05, 'R', 'F', '1997-02-01', '1997-01-20', '1997-02-16', 'COLLECT COD', 'SHIP', 'lineitem comment'),
    (55, 36, 2, 3, 23, 31356.82, 0.04, 0.04, 'R', 'F', '1992-02-02', '1992-01-08', '1992-02-14', 'NONE', 'FOB', 'lineitem comment'),
    (56, 86, 35, 1, 13, 19768.97, 0.01, 0.06, 'R', 'O', '1997-10-30', '1997-10-07', '1997-11-08', 'COLLECT COD', 'TRUCK', 'lineitem comment'),
    (56, 29, 42, 2, 6, 8036.58, 0.04, 0.02, 'R', 'F', '1997-09-25', '1997-09-20', '1997-10-09', 'DELIVER IN PERSON', 'SHIP', 'lineitem comment'),
    (56, 111, 45, 3, 10, 14937.5, 0.1, 0.06, 'A', 'F', '1993-06-27', '1993-06-01', '1993-06-30', 'DELIVER IN PERSON', 'TRUCK', 'lineitem comment'),
    (57, 19, 33, 1, 19, 25866.79, 0.0, 0.07, 'A', 'O', '1994-09-26', '1994-09-03', '1994-10-20', 'DELIVER IN PERSON', 'SHIP', 'lineitem comment'),
    (57, 70, 47, 2, 45, 87096.6, 0.07, 0.04, 'N', 'F', '1995-09-14', '1995-08-21', '1995-09-19', 'COLLECT COD', 'SHIP', 'lineitem comment'),
    (57, 6, 16, 3, 7, 13551.86, 0.06, 0.06, 'A', 'O', '1998-04-22', '1998-04-03', '1998-05-19', 'NONE', 'RAIL', 'lineitem comment'),
    (57, 133, 17, 4, 25, 25668.25, 0.01, 0.04, 'R', 'O', '1997-10-02', '1997-09-02', '1997-10-17', 'TAKE BACK RETURN', 'SHIP', 'lineitem comment'),
    (57, 60, 21, 5, 11, 10350.56, 0.01, 0.05, 'R', 'F', '1993-04-11', '1993-04-09', '1993-04-21', 'TAKE BACK RETURN', 'RAIL', 'lineitem comment'),
    (58, 96, 36, 1, 44, 40061.56, 0.03, 0.0, 'R', 'O', '1995-04-04', '1995-03-11', '1995-05-02', 'TAKE BACK RETURN', 'SHIP', 'lineitem comment'),
    (58, 86, 36, 2, 31, 30435.18, 0.08, 0.0, 'A', 'O', '1996-02-17', '1996-02-09', '1996-02-28', 'NONE', 'MAIL', 'lineitem comment'),
    (58, 57, 34, 3, 31, 35000.86, 0.05, 0.07, 'R', 'O', '1997-11-30', '1997-11-24', '1997-12-26', 'TAKE BACK RETURN', 'SHIP', 'lineitem comment'),
    (59, 9, 17, 1, 17, 25755.17, 0.08, 0.03, 'N', 'F', '1992-01-25', '1992-01-16', '1992-02-09', 'DELIVER IN PERSON', 'REG AIR', 'lineitem comment'),
    (59, 173, 3, 2, 23, 36128.17, 0.07, 0.07, 'R', 'O', '1998-03-11', '1998-02-09', '1998-04-02', 'TAKE BACK RETURN', 'RAIL', 'lineitem comment'),
    (59, 164, 12, 3, 11, 13631.31, 0.09, 0.01, 'N', 'O', '1992-07-04', '1992-06-29', '1992-07-07', 'NONE', 'MAIL', 'lineitem comment'),
    (60, 139, 42, 1, 25, 28079.0, 0.07, 0.06, 'A', 'O', '1997-03-29', '1997-03-17', '1997-04-15', 'TAKE BACK RETURN', 'REG AIR', 'lineitem comment'),
    (60, 133, 24, 2, 6, 10788.24, 0.06, 0.02, 'A', 'F', '1993-12-13', '1993-11-18', '1993-12-18', 'COLLECT COD', 'FOB', 'lineitem comment'),
    (60, 69, 47, 3, 46, 86075.2, 0.02, 0.04, 'R', 'F', '1992-07-16', '1992-06-26', '1992-07-28', 'TAKE BACK RETURN', 'SHIP', 'lineitem comment'),
    (61, 108, 9, 1, 7, 13663.65, 0.02, 0.02, 'R', 'O', '1998-07-15', '1998-06-16', '1998-08-04', 'TAKE BACK RETURN', 'MAIL', 'lineitem comment'),
    (61, 61, 8, 2, 10, 9399.2, 0.07, 0.0, 'R', 'F', '1996-06-13', '1996-06-12', '1996-06-21', 'TAKE BACK RETURN', 'TRUCK', 'lineitem comment'),
    (61, 126, 20, 3, 20, 30620.8, 0.01, 0.06, 'N', 'F', '1992-07-23', '1992-06-26', '1992-08-13', 'NONE', 'AIR', 'lineitem comment'),
    (61, 165, 41, 4, 41, 52348.39, 0.01, 0.04, 'N', 'O', '1996-12-19', '1996-12-10', '1996-12-31', 'DELIVER IN PERSON', 'AIR', 'lineitem comment'),
    (61, 1, 20, 5, 31, 46524.8, 0.0, 0.02, 'R', 'F', '1998-07-08', '1998-06-09', '1998-07-18', 'COLLECT COD', 'REG AIR', 'lineitem comment'),
    (62, 143, 36, 1, 17, 30527.75, 0.06, 0.05, 'A', 'O', '1994-09-07', '1994-08-24', '1994-09-29', 'NONE', 'REG AIR', 'lineitem comment'),
    (63, 169, 14, 1, 49, 79857.26, 0.08, 0.05, 'N', 'O', '1993-03-30', '1993-03-12', '1993-04-27', 'DELIVER IN PERSON', 'RAIL', 'lineitem comment'),
    (63, 84, 3, 2, 1, 905.6, 0.09, 0.04, 'A', 'F', '1992-07-20', '1992-06-23', '1992-08-14', 'DELIVER IN PERSON', 'RAIL', 'lineitem comment'),
    (64, 156, 17, 1, 29, 42147.73, 0.0, 0.03, 'N', 'O', '1994-11-11', '1994-10-14', '1994-11-17', 'COLLECT COD', 'AIR', 'lineitem comment'),
    (64, 162, 49, 2, 46, 41529.26, 0.02, 0.01, 'R', 'F', '1993-01-13', '1992-12-26', '1993-02-03', 'NONE', 'RAIL', 'lineitem comment'),
    (65, 54, 7, 1, 8, 8454.88, 0.09, 0.07, 'N', 'O', '1995-02-14', '1995-02-13', '1995-02-21', 'TAKE BACK RETURN', 'RAIL', 'lineitem comment'),
    (65, 4, 35, 2, 32, 36144.0, 0.05, 0.01, 'R', 'F', '1993-12-06', '1993-11-23', '1993-12-30', 'COLLECT COD', 'TRUCK', 'lineitem comment'),
    (65, 165, 48, 3, 41, 71104.25, 0.08, 0.05, 'N', 'O', '1994-10-05', '1994-09-30', '1994-10-31', 'TAKE BACK RETURN', 'REG AIR', 'lineitem comment'),
    (65, 166, 32, 4, 11, 19995.69, 0.01, 0.0, 'N', 'O', '1996-12-04', '1996-11-22', '1996-12-18', 'TAKE BACK RETURN', 'SHIP', 'lineitem comment'),
    (66, 86, 32, 1, 17, 30558.86, 0.09, 0.04, 'N', 'O', '1993-03-20', '1993-03-07', '1993-04-01', 'TAKE BACK RETURN', 'RAIL', 'lineitem comment'),
    (66, 21, 5, 2, 13, 20418.58, 0.05, 0.01, 'A', 'O', '1997-01-21', '1997-01-15', '1997-02-01', 'COLLECT COD', 'MAIL', 'lineitem comment'),
    (66, 19, 42, 3, 45, 75091.05, 0.05, 0.02, 'R', 'F', '1994-10-08', '1994-10-06', '1994-10-22', 'COLLECT COD', 'SHIP', 'lineitem comment'),
    (66, 26, 25, 4, 36, 52745.76, 0.09, 0.08, 'A', 'O', '1994-09-17', '1994-08-31', '1994-10-04', 'DELIVER IN PERSON', 'MAIL', 'lineitem comment'),
    (66, 197, 2, 5, 36, 42314.04, 0.08, 0.03, 'R', 'O', '1993-11-10', '1993-10-27', '1993-11-25', 'COLLECT COD', 'TRUCK', 'lineitem comment'),
    (67, 9, 45, 1, 40, 65759.2, 0.03, 0.06, 'N', 'F', '1998-03-05', '1998-02-26', '1998-04-01', 'NONE', 'RAIL', 'lineitem comment'),
    (68, 184, 49, 1, 42, 69981.24, 0.03, 0.01, 'R', 'F', '1993-11-21', '1993-10-23', '1993-11-23', 'DELIVER IN PERSON', 'AIR', 'lineitem comment'),
    (68, 30, 36, 2, 29, 43392.7, 0.1, 0.07, 'A', 'O', '1998-05-14', '1998-05-06', '1998-05-17', 'NONE', 'TRUCK', 'lineitem comment'),
    (68, 18, 11, 3, 27, 50474.61, 0.0, 0.04, 'R', 'O', '1995-06-02', '1995-05-10', '1995-06-04', 'DELIVER IN PERSON', 'SHIP', 'lineitem comment'),
    (68, 178, 44, 4, 9, 13026.15, 0.09, 0.07, 'N', 'O', '1998-01-26', '1997-12-27', '1998-02-23', 'NONE', 'REG AIR', 'lineitem comment'),
    (68, 143, 24, 5, 49, 85110.06, 0.07, 0.05, 'A', 'F', '1993-01-08', '1992-12-21', '1993-02-02', 'DELIVER IN PERSON', 'RAIL', 'lineitem comment'),
    (69, 30, 17, 1, 17, 19242.98, 0.08, 0.01, 'N', 'F', '1997-12-01', '1997-11-17', '1997-12-12', 'DELIVER IN PERSON', 'RAIL', 'lineitem comment'),
    (69, 106, 4, 2, 9, 17205.66, 0.07, 0.05, 'R', 'F', '1993-12-11', '1993-12-10', '1993-12-26', 'DELIVER IN PERSON', 'FOB', 'lineitem comment'),
    (69, 30, 6, 3, 19, 18235.63, 0.02, 0.01, 'A', 'F', '1992-08-31', '1992-08-26', '1992-09-17', 'NONE', 'TRUCK', 'lineitem comment'),
    (69, 117, 45, 4, 19, 27067.02, 0.01, 0.02, 'R', 'F', '1993-12-04', '1993-11-18', '1993-12-25', 'TAKE BACK RETURN', 'RAIL', 'lineitem comment'),
    (69, 165, 9, 5, 23, 34177.54, 0.09, 0.05, 'A', 'O', '1996-03-11', '1996-03-06', '1996-04-09', 'NONE', 'SHIP', 'lineitem comment'),
    (70, 194, 48, 1, 22, 21358.26, 0.01, 0.07, 'N', 'F', '1995-03-15', '1995-02-22', '1995-04-02', 'COLLECT COD', 'SHIP', 'lineitem comment'),
    (71, 172, 8, 1, 42, 46551.96, 0.07, 0.02, 'R', 'O', '1993-07-16', '1993-06-27', '1993-08-12', 'NONE', 'RAIL', 'lineitem comment'),
    (71, 37, 23, 2, 28, 33867.96, 0.01, 0.02, 'N', 'O', '1994-01-27', '1994-01-01', '1994-02-24', 'DELIVER IN PERSON', 'RAIL', 'lineitem comment'),
    (72, 79, 28, 1, 33, 53795.94, 0.03, 0.04, 'A', 'O', '1994-03-26', '1994-03-14', '1994-04-05', 'NONE', 'MAIL', 'lineitem comment'),
    (72, 22, 44, 2, 13, 17698.85, 0.04, 0.04, 'R', 'F', '1993-08-22', '1993-08-06', '1993-09-06', 'TAKE BACK RETURN', 'SHIP', 'lineitem comment'),
    (72, 112, 12, 3, 10, 12136.4, 0.07, 0.0, 'N', 'F', '1992-08-03', '1992-07-24', '1992-08-14', 'DELIVER IN PERSON', 'SHIP', 'lineitem comment'),
    (73, 85, 47, 1, 33, 45396.45, 0.05, 0.07, 'A', 'F', '1994-12-13', '1994-11-15', '1995-01-07', 'TAKE BACK RETURN', 'RAIL', 'lineitem comment'),
    (73, 11, 45, 2, 31, 41722.9, 0.09, 0.0, 'A', 'O', '1992-09-08', '1992-08-18', '1992-09-10', 'NONE', 'MAIL', 'lineitem comment'),
    (73, 62, 50, 3, 35, 56778.75, 0.08, 0.08, 'A', 'O', '1997-03-10', '1997-02-17', '1997-04-02', 'TAKE BACK RETURN', 'AIR', 'lineitem comment'),
    (73, 97, 50, 4, 49, 53642.75, 0.07, 0.06, 'A', 'F', '1993-05-20', '1993-05-16', '1993-06-13', 'NONE', 'REG AIR', 'lineitem comment'),
    (74, 198, 43, 1, 35, 60805.5, 0.0, 0.05, 'A', 'O', '1996-07-05', '1996-06-24', '1996-07-23', 'NONE', 'AIR', 'lineitem comment'),
    (74, 82, 8, 2, 29, 55056.21, 0.0, 0.0, 'R', 'O', '1998-08-12', '1998-07-14', '1998-09-08', 'NONE', 'RAIL', 'lineitem comment'),
    (74, 148, 12, 3, 21, 41687.1, 0.07, 0.07, 'R', 'O', '1997-03-16', '1997-02-22', '1997-04-01', 'TAKE BACK RETURN', 'RAIL', 'lineitem comment'),
    (75, 97, 19, 1, 50, 54865.5, 0.04, 0.03, 'R', 'O', '1994-09-18', '1994-09-09', '1994-10-06', 'NONE', 'REG AIR', 'lineitem comment'),
    (75, 131, 34, 2, 1, 1443.69, 0.03, 0.02, 'R', 'O', '1998-09-28', '1998-09-17', '1998-10-23', 'COLLECT COD', 'SHIP', 'lineitem comment'),
    (75, 133, 23, 3, 19, 22381.62, 0.09, 0.01, 'A', 'F', '1996-11-01', '1996-10-27', '1996-11-04', 'DELIVER IN PERSON', 'RAIL', 'lineitem comment'),
    (76, 5, 42, 1, 37, 71607.21, 0.02, 0.06, 'N', 'O', '1997-10-05', '1997-09-25', '1997-10-10', 'NONE', 'TRUCK', 'lineitem comment'),
    (76, 175, 38, 2, 11, 11603.79, 0.03, 0.04, 'R', 'F', '1997-02-26', '1997-02-01', '1997-02-27', 'COLLECT COD', 'RAIL', 'lineitem comment'),
    (76, 16, 2, 3, 44, 68482.48, 0.04, 0.06, 'R', 'O', '1994-02-19', '1994-01-22', '1994-03-21', 'NONE', 'MAIL', 'lineitem comment'),
    (76, 171, 42, 4, 8, 12996.4, 0.06, 0.01, 'N', 'F', '1996-03-09', '1996-02-16', '1996-04-08', 'DELIVER IN PERSON', 'TRUCK', 'lineitem comment'),
    (76, 173, 7, 5, 44, 49388.24, 0.01, 0.02, 'A', 'O', '1995-11-30', '1995-11-17', '1995-12-18', 'COLLECT COD', 'RAIL', 'lineitem comment'),
    (77, 179, 27, 1, 50, 77757.5, 0.05, 0.05, 'N', 'O', '1996-12-27', '1996-12-22', '1997-01-05', 'TAKE BACK RETURN', 'RAIL', 'lineitem comment'),
    (78, 40, 17, 1, 30, 41285.7, 0.01, 0.05, 'A', 'O', '1997-11-26', '1997-11-24', '1997-12-15', 'NONE', 'RAIL', 'lineitem comment'),
    (78, 162, 50, 2, 25, 35201.25, 0.04, 0.0, 'R', 'F', '1992-08-09', '1992-07-10', '1992-09-03', 'TAKE BACK RETURN', 'TRUCK', 'lineitem comment'),
    (79, 53, 49, 1, 37, 35033.45, 0.03, 0.01, 'N', 'O', '1996-02-08', '1996-01-31', '1996-02-17', 'TAKE BACK RETURN', 'RAIL', 'lineitem comment'),
    (79, 99, 4, 2, 19, 26745.35, 0.04, 0.03, 'R', 'O', '1996-07-11', '1996-06-11', '1996-07-21', 'DELIVER IN PERSON', 'FOB', 'lineitem comment'),
    (79, 70, 25, 3, 46, 67393.68, 0.0, 0.05, 'A', 'O', '1995-07-26', '1995-06-29', '1995-07-27', 'NONE', 'MAIL', 'lineitem comment'),
    (79, 17, 24, 4, 37, 54997.17, 0.03, 0.07, 'R', 'F', '1994-05-29', '1994-05-04', '1994-06-11', 'DELIVER IN PERSON', 'SHIP', 'lineitem comment'),
    (79, 80, 30, 5, 49, 50285.76, 0.02, 0.03, 'R', 'O', '1997-10-27', '1997-10-17', '1997-10-30', 'NONE', 'REG AIR', 'lineitem comment'),
    (80, 25, 8, 1, 32, 62588.16, 0.03, 0.01, 'N', 'F', '1996-03-02', '1996-02-29', '1996-03-08', 'NONE', 'SHIP', 'lineitem comment'),
    (80, 193, 9, 2, 15, 27461.7, 0.0, 0.01, 'R', 'O', '1997-01-06', '1996-12-24', '1997-01-18', 'NONE', 'RAIL', 'lineitem comment'),
    (81, 30, 9, 1, 50, 99371.5, 0.02, 0.05, 'N', 'F', '1997-08-09', '1997-08-03', '1997-08-17', 'TAKE BACK RETURN', 'AIR', 'lineitem comment'),
    (81, 47, 47, 2, 32, 42920.0, 0.0, 0.05, 'A', 'O', '1994-04-18', '1994-04-06', '1994-04-28', 'DELIVER IN PERSON', 'REG AIR', 'lineitem comment'),
    (81, 196, 4, 3, 2, 3776.5, 0.09, 0.04, 'A', 'F', '1997-07-26', '1997-07-24', '1997-08-05', 'COLLECT COD', 'MAIL', 'lineitem comment'),
    (81, 68, 17, 4, 12, 20919.36, 0.03, 0.05, 'N', 'F', '1995-08-24', '1995-08-09', '1995-09-10', 'NONE', 'SHIP', 'lineitem comment'),
    (81, 158, 5, 5, 16, 22970.4, 0.04, 0.05, 'N', 'F', '1998-05-30', '1998-05-21', '1998-06-28', 'NONE', 'RAIL', 'lineitem comment'),
    (82, 175, 1, 1, 41, 58083.88, 0.09, 0.03, 'N', 'F', '1996-06-08', '1996-05-24', '1996-06-20', 'COLLECT COD', 'REG AIR', 'lineitem comment'),
    (82, 179, 7, 2, 1, 1880.94, 0.01, 0.05, 'R', 'F', '1994-06-24', '1994-05-26', '1994-06-29', 'TAKE BACK RETURN', 'FOB', 'lineitem comment'),
    (82, 48, 42, 3, 30, 30487.8, 0.02, 0.04, 'A', 'O', '1994-06-29', '1994-06-18', '1994-07-12', 'DELIVER IN PERSON', 'TRUCK', 'lineitem comment'),
    (83, 1, 12, 1, 23, 30832.19, 0.05, 0.0, 'A', 'O', '1993-03-16', '1993-03-03', '1993-03-23', 'COLLECT COD', 'REG AIR', 'lineitem comment'),
    (84, 92, 10, 1, 10, 19099.3, 0.07, 0.01, 'R', 'F', '1996-08-20', '1996-07-30', '1996-09-09', 'NONE', 'TRUCK', 'lineitem comment'),
    (85, 140, 48, 1, 18, 29793.6, 0.08, 0.07, 'N', 'F', '1992-11-27', '1992-11-08', '1992-12-22', 'DELIVER IN PERSON', 'TRUCK', 'lineitem comment'),
    (85, 144, 42, 2, 21, 19389.72, 0.03, 0.05, 'A', 'F', '1996-07-23', '1996-07-16', '1996-07-30', 'TAKE BACK RETURN', 'MAIL', 'lineitem comment'),
    (85, 7, 22, 3, 3, 4907.28, 0.03, 0.04, 'R', 'O', '1995-03-12', '1995-03-01', '1995-03-16', 'NONE', 'RAIL', 'lineitem comment'),
    (85, 21, 35, 4, 27, 29945.43, 0.06, 0.05, 'N', 'O', '1994-03-28', '1994-02-27', '1994-03-29', 'DELIVER IN PERSON', 'REG AIR', 'lineitem comment'),
    (86, 81, 4, 1, 31, 58183.59, 0.06, 0.07, 'A', 'O', '1995-10-30', '1995-10-20', '1995-11-01', 'NONE', 'TRUCK', 'lineitem comment'),
    (86, 69, 1, 2, 2, 3920.7, 0.05, 0.07, 'A', 'F', '1994-03-06', '1994-02-16', '1994-03-30', 'DELIVER IN PERSON', 'TRUCK', 'lineitem comment'),
    (86, 71, 44, 3, 49, 96383.98, 0.09, 0.06, 'N', 'F', '1994-06-17', '1994-05-19', '1994-07-03', 'COLLECT COD', 'REG AIR', 'lineitem comment'),
    (87, 76, 44, 1, 27, 49134.6, 0.0, 0.07, 'R', 'O', '1998-04-13', '1998-03-27', '1998-05-06', 'TAKE BACK RETURN', 'TRUCK', 'lineitem comment'),
    (87, 120, 21, 2, 23, 45083.45, 0.08, 0.01, 'R', 'O', '1997-03-14', '1997-03-10', '1997-04-09', 'NONE', 'MAIL', 'lineitem comment'),
    (87, 171, 40, 3, 11, 17732.88, 0.03, 0.02, 'A', 'F', '1996-07-22', '1996-07-19', '1996-07-31', 'DELIVER IN PERSON', 'RAIL', 'lineitem comment'),
    (87, 183, 34, 4, 38, 69482.24, 0.1, 0.04, 'R', 'O', '1993-01-27', '1993-01-10', '1993-02-04', 'COLLECT COD', 'RAIL', 'lineitem comment'),
    (88, 68, 46, 1, 1, 1989.66, 0.08, 0.02, 'R', 'O', '1997-12-14', '1997-11-18', '1997-12-20', 'DELIVER IN PERSON', 'REG AIR', 'lineitem comment'),
    (88, 83, 50, 2, 47, 74798.62, 0.04, 0.01, 'A', 'O', '1997-01-18', '1997-01-09', '1997-01-20', 'TAKE BACK RETURN', 'TRUCK', 'lineitem comment'),
    (88, 102, 7, 3, 3, 3042.63, 0.02, 0.03, 'A', 'F', '1992-07-21', '1992-06-25', '1992-07-22', 'NONE', 'AIR', 'lineitem comment'),
    (88, 189, 27, 4, 45, 48060.45, 0.07, 0.04, 'N', 'F', '1995-10-24', '1995-10-08', '1995-10-27', 'DELIVER IN PERSON', 'TRUCK', 'lineitem comment'),
    (88, 39, 21, 5, 18, 20817.9, 0.08, 0.07, 'N', 'O', '1992-04-12', '1992-03-15', '1992-04-23', 'COLLECT COD', 'REG AIR', 'lineitem comment'),
    (89, 53, 17, 1, 18, 35813.52, 0.04, 0.02, 'N', 'O', '1996-01-30', '1996-01-27', '1996-02-17', 'DELIVER IN PERSON', 'FOB', 'lineitem comment'),
    (90, 56, 24, 1, 29, 40866.51, 0.0, 0.04, 'R', 'O', '1997-06-11', '1997-05-14', '1997-06-14', 'TAKE BACK RETURN', 'AIR', 'lineitem comment'),
    (90, 163, 44, 2, 43, 66000.27, 0.08, 0.07, 'R', 'F', '1993-09-01', '1993-08-28', '1993-09-12', 'DELIVER IN PERSON', 'AIR', 'lineitem comment'),
    (90, 7, 41, 3, 2, 3075.8, 0.03, 0.0, 'A', 'O', '1994-11-10', '1994-10-29', '1994-11-20', 'COLLECT COD', 'FOB', 'lineitem comment'),
    (91, 36, 17, 1, 39, 66491.49, 0.04, 0.04, 'R', 'O', '1992-02-16', '1992-02-15', '1992-03-14', 'TAKE BACK RETURN', 'FOB', 'lineitem comment'),
    (91, 82, 20, 2, 36, 33186.24, 0.07, 0.03, 'A', 'F', '1995-01-16', '1994-12-24', '1995-02-03', 'DELIVER IN PERSON', 'MAIL', 'lineitem comment'),
    (91, 177, 8, 3, 48, 81617.28, 0.06, 0.04, 'A', 'O', '1994-08-23', '1994-08-16', '1994-09-05', 'TAKE BACK RETURN', 'REG AIR', 'lineitem comment'),
    (92, 9, 37, 1, 15, 22486.35, 0.07, 0.01, 'R', 'F', '1995-02-12', '1995-02-01', '1995-03-11', 'NONE', 'TRUCK', 'lineitem comment'),
    (92, 197, 37, 2, 49, 78438.71, 0.1, 0.02, 'N', 'O', '1993-06-23', '1993-06-22', '1993-07-17', 'NONE', 'FOB', 'lineitem comment'),
    (92, 2, 42, 3, 20, 18045.8, 0.08, 0.08, 'R', 'F', '1995-12-14', '1995-12-11', '1996-01-10', 'COLLECT COD', 'TRUCK', 'lineitem comment'),
    (93, 188, 50, 1, 25, 46169.75, 0.01, 0.04, 'A', 'O', '1993-03-29', '1993-03-18', '1993-04-05', 'COLLECT COD', 'FOB', 'lineitem comment'),
    (93, 95, 27, 2, 34, 33689.58, 0.06, 0.0, 'R', 'F', '1994-10-28', '1994-10-06', '1994-11-07', 'COLLECT COD', 'SHIP', 'lineitem comment'),
    (93, 123, 6, 3, 2, 2040.16, 0.01, 0.01, 'N', 'F', '1995-11-26', '1995-11-23', '1995-12-08', 'COLLECT COD', 'MAIL', 'lineitem comment'),
    (93, 59, 8, 4, 44, 81194.08, 0.02, 0.03, 'R', 'F', '1992-09-15', '1992-08-31', '1992-10-09', 'TAKE BACK RETURN', 'MAIL', 'lineitem comment'),
    (93, 92, 18, 5, 6, 5715.9, 0.05, 0.0, 'A', 'F', '1993-05-18', '1993-04-23', '1993-05-29', 'TAKE BACK RETURN', 'MAIL', 'lineitem comment'),
    (94, 65, 34, 1, 34, 59864.48, 0.0, 0.04, 'N', 'O', '1992-05-10', '1992-04-11', '1992-05-26', 'DELIVER IN PERSON', 'MAIL', 'lineitem comment'),
    (94, 30, 37, 2, 4, 4880.72, 0.03, 0.01, 'R', 'O', '1995-10-14', '1995-09-29', '1995-11-12', 'NONE', 'MAIL', 'lineitem comment'),
    (94, 25, 47, 3, 29, 41384.74, 0.03, 0.05, 'N', 'O', '1998-06-01', '1998-05-09', '1998-06-11', 'NONE', 'AIR', 'lineitem comment'),
    (94, 194, 7, 4, 42, 76952.82, 0.02, 0.08, 'N', 'O', '1994-06-04', '1994-05-11', '1994-06-16', 'NONE', 'AIR', 'lineitem comment'),
    (95, 37, 38, 1, 21, 37006.62, 0.03, 0.07, 'R', 'O', '1996-05-04', '1996-04-15', '1996-05-09', 'COLLECT COD', 'TRUCK', 'lineitem comment'),
    (95, 147, 6, 2, 34, 38667.86, 0.0, 0.03, 'R', 'O', '1992-07-19', '1992-07-06', '1992-08-15', 'DELIVER IN PERSON', 'SHIP', 'lineitem comment'),
    (96, 92, 25, 1, 37, 54641.6, 0.08, 0.01, 'A', 'F', '1997-04-21', '1997-03-23', '1997-05-09', 'NONE', 'TRUCK', 'lineitem comment'),
    (96, 195, 29, 2, 17, 25788.66, 0.04, 0.04, 'A', 'F', '1992-08-15', '1992-08-02', '1992-09-02', 'DELIVER IN PERSON', 'RAIL', 'lineitem comment'),
    (96, 55, 46, 3, 17, 20764.65, 0.08, 0.04, 'N', 'O', '1998-02-09', '1998-02-05', '1998-02-13', 'NONE', 'REG AIR', 'lineitem comment'),
    (96, 114, 9, 4, 3, 3995.94, 0.1, 0.06, 'R', 'F', '1996-05-20', '1996-05-18', '1996-05-24', 'TAKE BACK RETURN', 'TRUCK', 'lineitem comment'),
    (97, 23, 40, 1, 25, 43299.25, 0.04, 0.01, 'N', 'O', '1992-10-17', '1992-09-17', '1992-11-16', 'TAKE BACK RETURN', 'AIR', 'lineitem comment'),
    (97, 97, 2, 2, 45, 52856.1, 0.01, 0.02, 'A', 'O', '1993-12-16', '1993-12-12', '1993-12-31', 'COLLECT COD', 'MAIL', 'lineitem comment'),
    (97, 33, 25, 3, 45, 60957.0, 0.06, 0.03, 'N', 'O', '1997-01-24', '1997-01-17', '1997-02-14', 'TAKE BACK RETURN', 'FOB', 'lineitem comment'),
    (98, 159, 5, 1, 19, 27233.08, 0.06, 0.08, 'R', 'F', '1995-06-05', '1995-05-14', '1995-06-06', 'DELIVER IN PERSON', 'TRUCK', 'lineitem comment'),
    (98, 200, 12, 2, 25, 37814.75, 0.04, 0.01, 'R', 'F', '1995-10-05', '1995-09-29', '1995-10-11', 'COLLECT COD', 'RAIL', 'lineitem comment'),
    (99, 191, 14, 1, 35, 65144.45, 0.06, 0.0, 'A', 'F', '1993-02-16', '1993-01-29', '1993-03-05', 'TAKE BACK RETURN', 'MAIL', 'lineitem comment'),
    (99, 121, 41, 2, 36, 43604.28, 0.05, 0.01, 'A', 'O', '1998-09-30', '1998-09-09', '1998-10-17', 'TAKE BACK RETURN', 'REG AIR', 'lineitem comment'),
    (99, 148, 10, 3, 5, 9191.0, 0.03, 0.03, 'N', 'O', '1992-02-20', '1992-01-26', '1992-03-01', 'NONE', 'AIR', 'lineitem comment'),
    (99, 126, 24, 4, 23, 21945.22, 0.04, 0.06, 'A', 'F', '1992-05-21', '1992-05-14', '1992-06-09', 'NONE', 'TRUCK', 'lineitem comment'),
    (99, 6, 50, 5, 44, 74765.24, 0.01, 0.07, 'R', 'F', '1994-08-01', '1994-07-11', '1994-08-23', 'NONE', 'FOB', 'lineitem comment'),
    (100, 103, 50, 1, 23, 33107.58, 0.05, 0.0, 'R', 'O', '1994-08-02', '1994-07-06', '1994-08-05', 'NONE', 'RAIL', 'lineitem comment'),
    (100, 14, 14, 2, 26, 48945.26, 0.06, 0.03, 'A', 'O', '1994-05-19', '1994-05-03', '1994-05-27', 'DELIVER IN PERSON', 'SHIP', 'lineitem comment'),
    (100, 2, 16, 3, 6, 5587.86, 0.03, 0.0, 'N', 'F', '1996-10-05', '1996-09-12', '1996-10-09', 'NONE', 'REG AIR', 'lineitem comment'),
    (100, 103, 46, 4, 38, 54602.58, 0.09, 0.05, 'A', 'F', '1994-05-07', '1994-04-07', '1994-05-20', 'TAKE BACK RETURN', 'AIR', 'lineitem comment');
